C,Si,Mn,P,S,Ni,Cr,Mo,Cu,V,Al,N,Nb + Ta,Temperatura (°C),Rotura (MPa),Alargamiento (%),Reducción de área (%),Fluencia (MPa)
0.12,0.36,0.52,0.009,0.003,0.089,0.97,0.61,0.04,0.0,0.003,0.0066,0.0,27,490,30,71,342
0.12,0.36,0.52,0.009,0.003,0.089,0.97,0.61,0.04,0.0,0.003,0.0066,0.0,100,454,27,72,338
0.12,0.36,0.52,0.009,0.003,0.089,0.97,0.61,0.04,0.0,0.003,0.0066,0.0,200,465,23,69,337
0.12,0.36,0.52,0.009,0.003,0.089,0.97,0.61,0.04,0.0,0.003,0.0066,0.0,300,495,21,70,346
0.12,0.36,0.52,0.009,0.003,0.089,0.97,0.61,0.04,0.0,0.003,0.0066,0.0,400,489,26,79,316
0.12,0.36,0.52,0.009,0.003,0.089,0.97,0.61,0.04,0.0,0.003,0.0066,0.0,450,461,25,81,287
0.12,0.36,0.52,0.009,0.003,0.089,0.97,0.61,0.04,0.0,0.003,0.0066,0.0,500,431,28,85,274
0.12,0.36,0.52,0.009,0.003,0.089,0.97,0.61,0.04,0.0,0.003,0.0066,0.0,550,387,32,87,262
0.12,0.36,0.52,0.009,0.003,0.089,0.97,0.61,0.04,0.0,0.003,0.0066,0.0,600,314,42,88,220
0.12,0.36,0.52,0.009,0.003,0.089,0.97,0.61,0.04,0.0,0.003,0.0066,0.0,650,226,59,92,152
0.09,0.37,0.49,0.006,0.005,0.055,0.98,0.57,0.07,0.0,0.005,0.008,0.0,27,463,34,76,310
0.09,0.37,0.49,0.006,0.005,0.055,0.98,0.57,0.07,0.0,0.005,0.008,0.0,100,427,31,79,285
0.09,0.37,0.49,0.006,0.005,0.055,0.98,0.57,0.07,0.0,0.005,0.008,0.0,200,439,25,77,296
0.09,0.37,0.49,0.006,0.005,0.055,0.98,0.57,0.07,0.0,0.005,0.008,0.0,300,471,24,76,265
0.09,0.37,0.49,0.006,0.005,0.055,0.98,0.57,0.07,0.0,0.005,0.008,0.0,400,472,28,78,257
0.09,0.37,0.49,0.006,0.005,0.055,0.98,0.57,0.07,0.0,0.005,0.008,0.0,450,451,26,80,240
0.09,0.37,0.49,0.006,0.005,0.055,0.98,0.57,0.07,0.0,0.005,0.008,0.0,500,423,28,84,232
0.09,0.37,0.49,0.006,0.005,0.055,0.98,0.57,0.07,0.0,0.005,0.008,0.0,550,367,34,86,207
0.09,0.37,0.49,0.006,0.005,0.055,0.98,0.57,0.07,0.0,0.005,0.008,0.0,600,297,44,89,176
0.09,0.37,0.49,0.006,0.005,0.055,0.98,0.57,0.07,0.0,0.005,0.008,0.0,650,205,67,92,132
0.1,0.28,0.49,0.008,0.009,0.028,0.9,0.56,0.08,0.0,0.006,0.009,0.0,27,463,32,78,306
0.1,0.28,0.49,0.008,0.009,0.028,0.9,0.56,0.08,0.0,0.006,0.009,0.0,100,432,26,76,258
0.1,0.28,0.49,0.008,0.009,0.028,0.9,0.56,0.08,0.0,0.006,0.009,0.0,200,459,22,73,303
0.1,0.28,0.49,0.008,0.009,0.028,0.9,0.56,0.08,0.0,0.006,0.009,0.0,300,473,23,69,275
0.1,0.28,0.49,0.008,0.009,0.028,0.9,0.56,0.08,0.0,0.006,0.009,0.0,400,464,25,75,264
0.1,0.28,0.49,0.008,0.009,0.028,0.9,0.56,0.08,0.0,0.006,0.009,0.0,450,451,23,78,252
0.1,0.28,0.49,0.008,0.009,0.028,0.9,0.56,0.08,0.0,0.006,0.009,0.0,500,424,24,81,237
0.1,0.28,0.49,0.008,0.009,0.028,0.9,0.56,0.08,0.0,0.006,0.009,0.0,550,378,28,84,228
0.1,0.28,0.49,0.008,0.009,0.028,0.9,0.56,0.08,0.0,0.006,0.009,0.0,600,297,37,88,212
0.1,0.28,0.49,0.008,0.009,0.028,0.9,0.56,0.08,0.0,0.006,0.009,0.0,650,221,60,91,143
0.12,0.43,0.48,0.014,0.008,0.051,0.96,0.56,0.08,0.0,0.006,0.008,0.0,27,502,32,76,343
0.12,0.43,0.48,0.014,0.008,0.051,0.96,0.56,0.08,0.0,0.006,0.008,0.0,100,467,28,76,326
0.12,0.43,0.48,0.014,0.008,0.051,0.96,0.56,0.08,0.0,0.006,0.008,0.0,200,482,23,73,329
0.12,0.43,0.48,0.014,0.008,0.051,0.96,0.56,0.08,0.0,0.006,0.008,0.0,300,505,22,67,277
0.12,0.43,0.48,0.014,0.008,0.051,0.96,0.56,0.08,0.0,0.006,0.008,0.0,400,493,27,76,249
0.12,0.43,0.48,0.014,0.008,0.051,0.96,0.56,0.08,0.0,0.006,0.008,0.0,450,475,24,77,253
0.12,0.43,0.48,0.014,0.008,0.051,0.96,0.56,0.08,0.0,0.006,0.008,0.0,500,434,24,81,255
0.12,0.43,0.48,0.014,0.008,0.051,0.96,0.56,0.08,0.0,0.006,0.008,0.0,550,383,29,86,229
0.12,0.43,0.48,0.014,0.008,0.051,0.96,0.56,0.08,0.0,0.006,0.008,0.0,600,301,36,89,202
0.12,0.43,0.48,0.014,0.008,0.051,0.96,0.56,0.08,0.0,0.006,0.008,0.0,650,221,51,91,143
0.12,0.28,0.44,0.018,0.008,0.03,0.99,0.54,0.08,0.0,0.007,0.01,0.0,27,493,33,77,339
0.12,0.28,0.44,0.018,0.008,0.03,0.99,0.54,0.08,0.0,0.007,0.01,0.0,100,464,28,76,329
0.12,0.28,0.44,0.018,0.008,0.03,0.99,0.54,0.08,0.0,0.007,0.01,0.0,200,475,23,72,315
0.12,0.28,0.44,0.018,0.008,0.03,0.99,0.54,0.08,0.0,0.007,0.01,0.0,300,497,22,69,270
0.12,0.28,0.44,0.018,0.008,0.03,0.99,0.54,0.08,0.0,0.007,0.01,0.0,400,482,24,73,257
0.12,0.28,0.44,0.018,0.008,0.03,0.99,0.54,0.08,0.0,0.007,0.01,0.0,450,465,25,77,256
0.12,0.28,0.44,0.018,0.008,0.03,0.99,0.54,0.08,0.0,0.007,0.01,0.0,500,442,25,82,256
0.12,0.28,0.44,0.018,0.008,0.03,0.99,0.54,0.08,0.0,0.007,0.01,0.0,550,389,30,85,238
0.12,0.28,0.44,0.018,0.008,0.03,0.99,0.54,0.08,0.0,0.007,0.01,0.0,600,308,37,89,213
0.12,0.28,0.44,0.018,0.008,0.03,0.99,0.54,0.08,0.0,0.007,0.01,0.0,650,226,57,92,146
0.12,0.37,0.45,0.018,0.008,0.035,1.0,0.5,0.06,0.0,0.009,0.0088,0.0,27,456,32,73,251
0.12,0.37,0.45,0.018,0.008,0.035,1.0,0.5,0.06,0.0,0.009,0.0088,0.0,100,420,30,73,240
0.12,0.37,0.45,0.018,0.008,0.035,1.0,0.5,0.06,0.0,0.009,0.0088,0.0,200,449,24,71,261
0.12,0.37,0.45,0.018,0.008,0.035,1.0,0.5,0.06,0.0,0.009,0.0088,0.0,300,479,23,69,203
0.12,0.37,0.45,0.018,0.008,0.035,1.0,0.5,0.06,0.0,0.009,0.0088,0.0,400,482,27,76,192
0.12,0.37,0.45,0.018,0.008,0.035,1.0,0.5,0.06,0.0,0.009,0.0088,0.0,450,471,26,78,186
0.12,0.37,0.45,0.018,0.008,0.035,1.0,0.5,0.06,0.0,0.009,0.0088,0.0,500,435,25,83,192
0.12,0.37,0.45,0.018,0.008,0.035,1.0,0.5,0.06,0.0,0.009,0.0088,0.0,550,375,30,85,177
0.12,0.37,0.45,0.018,0.008,0.035,1.0,0.5,0.06,0.0,0.009,0.0088,0.0,600,304,38,89,170
0.12,0.37,0.45,0.018,0.008,0.035,1.0,0.5,0.06,0.0,0.009,0.0088,0.0,650,211,51,92,122
0.12,0.36,0.45,0.018,0.007,0.028,1.0,0.53,0.05,0.0,0.007,0.008,0.0,27,453,35,72,239
0.12,0.36,0.45,0.018,0.007,0.028,1.0,0.53,0.05,0.0,0.007,0.008,0.0,100,419,27,72,229
0.12,0.36,0.45,0.018,0.007,0.028,1.0,0.53,0.05,0.0,0.007,0.008,0.0,200,449,23,70,244
0.12,0.36,0.45,0.018,0.007,0.028,1.0,0.53,0.05,0.0,0.007,0.008,0.0,300,485,23,69,210
0.12,0.36,0.45,0.018,0.007,0.028,1.0,0.53,0.05,0.0,0.007,0.008,0.0,400,474,27,74,174
0.12,0.36,0.45,0.018,0.007,0.028,1.0,0.53,0.05,0.0,0.007,0.008,0.0,450,468,28,77,194
0.12,0.36,0.45,0.018,0.007,0.028,1.0,0.53,0.05,0.0,0.007,0.008,0.0,500,434,26,82,181
0.12,0.36,0.45,0.018,0.007,0.028,1.0,0.53,0.05,0.0,0.007,0.008,0.0,550,380,30,85,175
0.12,0.36,0.45,0.018,0.007,0.028,1.0,0.53,0.05,0.0,0.007,0.008,0.0,600,296,38,89,170
0.12,0.36,0.45,0.018,0.007,0.028,1.0,0.53,0.05,0.0,0.007,0.008,0.0,650,214,54,93,124
0.1,0.35,0.44,0.02,0.007,0.05,1.01,0.51,0.08,0.0,0.012,0.0082,0.0,27,431,36,76,241
0.1,0.35,0.44,0.02,0.007,0.05,1.01,0.51,0.08,0.0,0.012,0.0082,0.0,100,406,31,77,237
0.1,0.35,0.44,0.02,0.007,0.05,1.01,0.51,0.08,0.0,0.012,0.0082,0.0,200,431,24,72,243
0.1,0.35,0.44,0.02,0.007,0.05,1.01,0.51,0.08,0.0,0.012,0.0082,0.0,300,459,22,71,188
0.1,0.35,0.44,0.02,0.007,0.05,1.01,0.51,0.08,0.0,0.012,0.0082,0.0,400,454,27,77,168
0.1,0.35,0.44,0.02,0.007,0.05,1.01,0.51,0.08,0.0,0.012,0.0082,0.0,450,444,26,76,176
0.1,0.35,0.44,0.02,0.007,0.05,1.01,0.51,0.08,0.0,0.012,0.0082,0.0,500,417,28,81,160
0.1,0.35,0.44,0.02,0.007,0.05,1.01,0.51,0.08,0.0,0.012,0.0082,0.0,550,376,32,85,172
0.1,0.35,0.44,0.02,0.007,0.05,1.01,0.51,0.08,0.0,0.012,0.0082,0.0,600,293,38,88,161
0.1,0.35,0.44,0.02,0.007,0.05,1.01,0.51,0.08,0.0,0.012,0.0082,0.0,650,199,54,94,114
0.09,0.32,0.48,0.02,0.017,0.023,1.05,0.52,0.04,0.0,0.009,0.0089,0.0,27,464,29,70,313
0.09,0.32,0.48,0.02,0.017,0.023,1.05,0.52,0.04,0.0,0.009,0.0089,0.0,100,421,23,70,301
0.09,0.32,0.48,0.02,0.017,0.023,1.05,0.52,0.04,0.0,0.009,0.0089,0.0,200,459,22,67,324
0.09,0.32,0.48,0.02,0.017,0.023,1.05,0.52,0.04,0.0,0.009,0.0089,0.0,300,479,21,65,303
0.09,0.32,0.48,0.02,0.017,0.023,1.05,0.52,0.04,0.0,0.009,0.0089,0.0,400,482,24,71,279
0.09,0.32,0.48,0.02,0.017,0.023,1.05,0.52,0.04,0.0,0.009,0.0089,0.0,450,473,24,73,277
0.09,0.32,0.48,0.02,0.017,0.023,1.05,0.52,0.04,0.0,0.009,0.0089,0.0,500,449,24,76,262
0.09,0.32,0.48,0.02,0.017,0.023,1.05,0.52,0.04,0.0,0.009,0.0089,0.0,550,395,27,82,251
0.09,0.32,0.48,0.02,0.017,0.023,1.05,0.52,0.04,0.0,0.009,0.0089,0.0,600,317,33,84,220
0.09,0.32,0.48,0.02,0.017,0.023,1.05,0.52,0.04,0.0,0.009,0.0089,0.0,650,213,78,90,137
0.1,0.31,0.51,0.022,0.017,0.02,1.03,0.53,0.04,0.0,0.009,0.0076,0.0,27,462,30,71,291
0.1,0.31,0.51,0.022,0.017,0.02,1.03,0.53,0.04,0.0,0.009,0.0076,0.0,100,418,25,70,315
0.1,0.31,0.51,0.022,0.017,0.02,1.03,0.53,0.04,0.0,0.009,0.0076,0.0,200,457,20,66,316
0.1,0.31,0.51,0.022,0.017,0.02,1.03,0.53,0.04,0.0,0.009,0.0076,0.0,300,479,22,63,288
0.1,0.31,0.51,0.022,0.017,0.02,1.03,0.53,0.04,0.0,0.009,0.0076,0.0,400,482,24,71,270
0.1,0.31,0.51,0.022,0.017,0.02,1.03,0.53,0.04,0.0,0.009,0.0076,0.0,450,479,23,73,272
0.1,0.31,0.51,0.022,0.017,0.02,1.03,0.53,0.04,0.0,0.009,0.0076,0.0,500,441,23,77,256
0.1,0.31,0.51,0.022,0.017,0.02,1.03,0.53,0.04,0.0,0.009,0.0076,0.0,550,393,26,81,240
0.1,0.31,0.51,0.022,0.017,0.02,1.03,0.53,0.04,0.0,0.009,0.0076,0.0,600,299,42,87,218
0.1,0.31,0.51,0.022,0.017,0.02,1.03,0.53,0.04,0.0,0.009,0.0076,0.0,650,217,52,90,136
0.1,0.3,0.49,0.02,0.018,0.023,1.04,0.5,0.04,0.0,0.009,0.0089,0.0,27,452,30,71,312
0.1,0.3,0.49,0.02,0.018,0.023,1.04,0.5,0.04,0.0,0.009,0.0089,0.0,100,420,25,73,304
0.1,0.3,0.49,0.02,0.018,0.023,1.04,0.5,0.04,0.0,0.009,0.0089,0.0,200,454,22,64,311
0.1,0.3,0.49,0.02,0.018,0.023,1.04,0.5,0.04,0.0,0.009,0.0089,0.0,300,529,20,65,242
0.1,0.3,0.49,0.02,0.018,0.023,1.04,0.5,0.04,0.0,0.009,0.0089,0.0,400,483,23,72,291
0.1,0.3,0.49,0.02,0.018,0.023,1.04,0.5,0.04,0.0,0.009,0.0089,0.0,450,479,23,72,280
0.1,0.3,0.49,0.02,0.018,0.023,1.04,0.5,0.04,0.0,0.009,0.0089,0.0,500,448,24,77,260
0.1,0.3,0.49,0.02,0.018,0.023,1.04,0.5,0.04,0.0,0.009,0.0089,0.0,550,383,28,82,240
0.1,0.3,0.49,0.02,0.018,0.023,1.04,0.5,0.04,0.0,0.009,0.0089,0.0,600,304,34,86,215
0.1,0.3,0.49,0.02,0.018,0.023,1.04,0.5,0.04,0.0,0.009,0.0089,0.0,650,220,46,90,150
0.2,0.31,0.59,0.018,0.009,0.0,0.046,0.011,0.05,0.0,0.006,0.0056,0.0,27,480,31,64,280
0.2,0.31,0.59,0.018,0.009,0.0,0.046,0.011,0.05,0.0,0.006,0.0056,0.0,100,471,21,57,270
0.2,0.31,0.59,0.018,0.009,0.0,0.046,0.011,0.05,0.0,0.006,0.0056,0.0,200,591,19,48,272
0.2,0.31,0.59,0.018,0.009,0.0,0.046,0.011,0.05,0.0,0.006,0.0056,0.0,300,553,29,57,197
0.2,0.31,0.59,0.018,0.009,0.0,0.046,0.011,0.05,0.0,0.006,0.0056,0.0,350,509,34,66,185
0.2,0.31,0.59,0.018,0.009,0.0,0.046,0.011,0.05,0.0,0.006,0.0056,0.0,400,444,34,69,177
0.2,0.31,0.59,0.018,0.009,0.0,0.046,0.011,0.05,0.0,0.006,0.0056,0.0,450,373,37,75,176
0.2,0.31,0.59,0.018,0.009,0.0,0.046,0.011,0.05,0.0,0.006,0.0056,0.0,500,306,45,82,156
0.2,0.31,0.59,0.018,0.009,0.0,0.046,0.011,0.05,0.0,0.006,0.0056,0.0,550,234,61,90,131
0.2,0.28,0.6,0.018,0.008,0.0,0.045,0.01,0.05,0.0,0.005,0.0066,0.0,27,470,32,65,290
0.2,0.28,0.6,0.018,0.008,0.0,0.045,0.01,0.05,0.0,0.005,0.0066,0.0,100,456,22,60,278
0.2,0.28,0.6,0.018,0.008,0.0,0.045,0.01,0.05,0.0,0.005,0.0066,0.0,200,572,19,48,277
0.2,0.28,0.6,0.018,0.008,0.0,0.045,0.01,0.05,0.0,0.005,0.0066,0.0,300,540,30,58,187
0.2,0.28,0.6,0.018,0.008,0.0,0.045,0.01,0.05,0.0,0.005,0.0066,0.0,350,500,32,65,188
0.2,0.28,0.6,0.018,0.008,0.0,0.045,0.01,0.05,0.0,0.005,0.0066,0.0,400,431,37,67,166
0.2,0.28,0.6,0.018,0.008,0.0,0.045,0.01,0.05,0.0,0.005,0.0066,0.0,450,371,36,76,171
0.2,0.28,0.6,0.018,0.008,0.0,0.045,0.01,0.05,0.0,0.005,0.0066,0.0,500,302,40,83,152
0.2,0.28,0.6,0.018,0.008,0.0,0.045,0.01,0.05,0.0,0.005,0.0066,0.0,550,229,44,88,127
0.2,0.29,0.55,0.021,0.009,0.0,0.054,0.012,0.05,0.0,0.004,0.0058,0.0,27,470,31,62,285
0.2,0.29,0.55,0.021,0.009,0.0,0.054,0.012,0.05,0.0,0.004,0.0058,0.0,100,453,22,60,271
0.2,0.29,0.55,0.021,0.009,0.0,0.054,0.012,0.05,0.0,0.004,0.0058,0.0,200,564,18,48,267
0.2,0.29,0.55,0.021,0.009,0.0,0.054,0.012,0.05,0.0,0.004,0.0058,0.0,300,546,30,56,187
0.2,0.29,0.55,0.021,0.009,0.0,0.054,0.012,0.05,0.0,0.004,0.0058,0.0,350,485,35,66,184
0.2,0.29,0.55,0.021,0.009,0.0,0.054,0.012,0.05,0.0,0.004,0.0058,0.0,400,427,35,70,172
0.2,0.29,0.55,0.021,0.009,0.0,0.054,0.012,0.05,0.0,0.004,0.0058,0.0,450,372,36,78,179
0.2,0.29,0.55,0.021,0.009,0.0,0.054,0.012,0.05,0.0,0.004,0.0058,0.0,500,309,41,83,165
0.2,0.29,0.55,0.021,0.009,0.0,0.054,0.012,0.05,0.0,0.004,0.0058,0.0,550,237,60,89,135
0.21,0.21,0.62,0.014,0.014,0.0,0.046,0.019,0.05,0.0,0.008,0.003,0.0,27,500,30,64,315
0.21,0.21,0.62,0.014,0.014,0.0,0.046,0.019,0.05,0.0,0.008,0.003,0.0,100,456,23,63,276
0.21,0.21,0.62,0.014,0.014,0.0,0.046,0.019,0.05,0.0,0.008,0.003,0.0,200,540,18,52,280
0.21,0.21,0.62,0.014,0.014,0.0,0.046,0.019,0.05,0.0,0.008,0.003,0.0,300,534,27,57,202
0.21,0.21,0.62,0.014,0.014,0.0,0.046,0.019,0.05,0.0,0.008,0.003,0.0,350,495,32,65,197
0.21,0.21,0.62,0.014,0.014,0.0,0.046,0.019,0.05,0.0,0.008,0.003,0.0,400,443,32,69,198
0.21,0.21,0.62,0.014,0.014,0.0,0.046,0.019,0.05,0.0,0.008,0.003,0.0,450,379,38,74,172
0.21,0.21,0.62,0.014,0.014,0.0,0.046,0.019,0.05,0.0,0.008,0.003,0.0,500,319,38,78,173
0.21,0.21,0.62,0.014,0.014,0.0,0.046,0.019,0.05,0.0,0.008,0.003,0.0,550,254,40,83,139
0.24,0.24,0.64,0.015,0.013,0.0,0.074,0.019,0.05,0.0,0.011,0.006,0.0,27,480,31,63,300
0.24,0.24,0.64,0.015,0.013,0.0,0.074,0.019,0.05,0.0,0.011,0.006,0.0,100,471,24,63,291
0.24,0.24,0.64,0.015,0.013,0.0,0.074,0.019,0.05,0.0,0.011,0.006,0.0,200,534,19,53,293
0.24,0.24,0.64,0.015,0.013,0.0,0.074,0.019,0.05,0.0,0.011,0.006,0.0,300,552,29,59,231
0.24,0.24,0.64,0.015,0.013,0.0,0.074,0.019,0.05,0.0,0.011,0.006,0.0,350,506,34,67,231
0.24,0.24,0.64,0.015,0.013,0.0,0.074,0.019,0.05,0.0,0.011,0.006,0.0,400,467,32,70,230
0.24,0.24,0.64,0.015,0.013,0.0,0.074,0.019,0.05,0.0,0.011,0.006,0.0,450,386,36,74,206
0.24,0.24,0.64,0.015,0.013,0.0,0.074,0.019,0.05,0.0,0.011,0.006,0.0,500,335,38,79,199
0.24,0.24,0.64,0.015,0.013,0.0,0.074,0.019,0.05,0.0,0.011,0.006,0.0,550,258,49,83,149
0.2,0.2,0.47,0.007,0.009,0.0,0.056,0.01,0.07,0.0,0.005,0.011,0.0,27,480,32,64,290
0.2,0.2,0.47,0.007,0.009,0.0,0.056,0.01,0.07,0.0,0.005,0.011,0.0,100,510,19,51,297
0.2,0.2,0.47,0.007,0.009,0.0,0.056,0.01,0.07,0.0,0.005,0.011,0.0,200,650,22,43,291
0.2,0.2,0.47,0.007,0.009,0.0,0.056,0.01,0.07,0.0,0.005,0.011,0.0,300,572,33,58,189
0.2,0.2,0.47,0.007,0.009,0.0,0.056,0.01,0.07,0.0,0.005,0.011,0.0,350,497,35,61,187
0.2,0.2,0.47,0.007,0.009,0.0,0.056,0.01,0.07,0.0,0.005,0.011,0.0,400,426,40,68,193
0.2,0.2,0.47,0.007,0.009,0.0,0.056,0.01,0.07,0.0,0.005,0.011,0.0,450,368,36,67,181
0.2,0.2,0.47,0.007,0.009,0.0,0.056,0.01,0.07,0.0,0.005,0.011,0.0,500,273,35,68,164
0.2,0.2,0.47,0.007,0.009,0.0,0.056,0.01,0.07,0.0,0.005,0.011,0.0,550,231,44,76,114
0.21,0.32,0.48,0.02,0.018,0.0,0.017,0.006,0.08,0.0,0.004,0.0044,0.0,27,460,33,64,275
0.21,0.32,0.48,0.02,0.018,0.0,0.017,0.006,0.08,0.0,0.004,0.0044,0.0,100,439,25,62,260
0.21,0.32,0.48,0.02,0.018,0.0,0.017,0.006,0.08,0.0,0.004,0.0044,0.0,200,519,19,54,260
0.21,0.32,0.48,0.02,0.018,0.0,0.017,0.006,0.08,0.0,0.004,0.0044,0.0,300,512,30,58,197
0.21,0.32,0.48,0.02,0.018,0.0,0.017,0.006,0.08,0.0,0.004,0.0044,0.0,350,469,32,67,188
0.21,0.32,0.48,0.02,0.018,0.0,0.017,0.006,0.08,0.0,0.004,0.0044,0.0,400,404,37,73,190
0.21,0.32,0.48,0.02,0.018,0.0,0.017,0.006,0.08,0.0,0.004,0.0044,0.0,450,356,45,84,187
0.21,0.32,0.48,0.02,0.018,0.0,0.017,0.006,0.08,0.0,0.004,0.0044,0.0,500,275,48,83,154
0.21,0.32,0.48,0.02,0.018,0.0,0.017,0.006,0.08,0.0,0.004,0.0044,0.0,550,227,50,88,137
0.2,0.31,0.5,0.022,0.017,0.0,0.017,0.006,0.09,0.0,0.004,0.0037,0.0,27,460,32,65,270
0.2,0.31,0.5,0.022,0.017,0.0,0.017,0.006,0.09,0.0,0.004,0.0037,0.0,100,434,24,63,244
0.2,0.31,0.5,0.022,0.017,0.0,0.017,0.006,0.09,0.0,0.004,0.0037,0.0,200,517,19,54,240
0.2,0.31,0.5,0.022,0.017,0.0,0.017,0.006,0.09,0.0,0.004,0.0037,0.0,300,509,30,60,202
0.2,0.31,0.5,0.022,0.017,0.0,0.017,0.006,0.09,0.0,0.004,0.0037,0.0,350,472,37,65,195
0.2,0.31,0.5,0.022,0.017,0.0,0.017,0.006,0.09,0.0,0.004,0.0037,0.0,400,413,36,72,197
0.2,0.31,0.5,0.022,0.017,0.0,0.017,0.006,0.09,0.0,0.004,0.0037,0.0,450,349,41,77,178
0.2,0.31,0.5,0.022,0.017,0.0,0.017,0.006,0.09,0.0,0.004,0.0037,0.0,500,276,42,84,160
0.2,0.31,0.5,0.022,0.017,0.0,0.017,0.006,0.09,0.0,0.004,0.0037,0.0,550,209,57,90,137
0.23,0.32,0.53,0.023,0.016,0.0,0.022,0.005,0.07,0.0,0.005,0.0051,0.0,27,470,34,66,285
0.23,0.32,0.53,0.023,0.016,0.0,0.022,0.005,0.07,0.0,0.005,0.0051,0.0,100,446,25,64,267
0.23,0.32,0.53,0.023,0.016,0.0,0.022,0.005,0.07,0.0,0.005,0.0051,0.0,200,502,20,56,251
0.23,0.32,0.53,0.023,0.016,0.0,0.022,0.005,0.07,0.0,0.005,0.0051,0.0,300,561,31,58,183
0.23,0.32,0.53,0.023,0.016,0.0,0.022,0.005,0.07,0.0,0.005,0.0051,0.0,350,471,35,65,190
0.23,0.32,0.53,0.023,0.016,0.0,0.022,0.005,0.07,0.0,0.005,0.0051,0.0,400,417,42,73,200
0.23,0.32,0.53,0.023,0.016,0.0,0.022,0.005,0.07,0.0,0.005,0.0051,0.0,450,343,40,77,202
0.23,0.32,0.53,0.023,0.016,0.0,0.022,0.005,0.07,0.0,0.005,0.0051,0.0,500,286,48,81,171
0.23,0.32,0.53,0.023,0.016,0.0,0.022,0.005,0.07,0.0,0.005,0.0051,0.0,550,219,58,87,125
0.11,0.3,0.48,0.012,0.01,0.0,0.0,0.51,0.0,0.0,0.005,0.0078,0.0,27,450,35,70,265
0.11,0.3,0.48,0.012,0.01,0.0,0.0,0.51,0.0,0.0,0.005,0.0078,0.0,100,442,26,67,260
0.11,0.3,0.48,0.012,0.01,0.0,0.0,0.51,0.0,0.0,0.005,0.0078,0.0,200,566,20,55,247
0.11,0.3,0.48,0.012,0.01,0.0,0.0,0.51,0.0,0.0,0.005,0.0078,0.0,300,560,27,59,198
0.11,0.3,0.48,0.012,0.01,0.0,0.0,0.51,0.0,0.0,0.005,0.0078,0.0,400,493,30,74,195
0.11,0.3,0.48,0.012,0.01,0.0,0.0,0.51,0.0,0.0,0.005,0.0078,0.0,450,447,28,78,181
0.11,0.3,0.48,0.012,0.01,0.0,0.0,0.51,0.0,0.0,0.005,0.0078,0.0,500,406,27,82,186
0.11,0.3,0.48,0.012,0.01,0.0,0.0,0.51,0.0,0.0,0.005,0.0078,0.0,550,363,32,83,183
0.11,0.3,0.48,0.012,0.01,0.0,0.0,0.51,0.0,0.0,0.005,0.0078,0.0,600,281,46,87,174
0.12,0.25,0.5,0.012,0.01,0.0,0.0,0.5,0.0,0.0,0.005,0.0068,0.0,27,460,34,69,270
0.12,0.25,0.5,0.012,0.01,0.0,0.0,0.5,0.0,0.0,0.005,0.0068,0.0,100,450,25,65,260
0.12,0.25,0.5,0.012,0.01,0.0,0.0,0.5,0.0,0.0,0.005,0.0068,0.0,200,575,21,52,260
0.12,0.25,0.5,0.012,0.01,0.0,0.0,0.5,0.0,0.0,0.005,0.0068,0.0,300,574,29,35,185
0.12,0.25,0.5,0.012,0.01,0.0,0.0,0.5,0.0,0.0,0.005,0.0068,0.0,400,484,31,73,204
0.12,0.25,0.5,0.012,0.01,0.0,0.0,0.5,0.0,0.0,0.005,0.0068,0.0,450,438,28,78,222
0.12,0.25,0.5,0.012,0.01,0.0,0.0,0.5,0.0,0.0,0.005,0.0068,0.0,500,400,29,83,210
0.12,0.25,0.5,0.012,0.01,0.0,0.0,0.5,0.0,0.0,0.005,0.0068,0.0,550,349,30,85,185
0.12,0.25,0.5,0.012,0.01,0.0,0.0,0.5,0.0,0.0,0.005,0.0068,0.0,600,272,48,89,163
0.13,0.31,0.48,0.006,0.007,0.0,0.0,0.49,0.0,0.0,0.005,0.006,0.0,27,450,35,72,260
0.13,0.31,0.48,0.006,0.007,0.0,0.0,0.49,0.0,0.0,0.005,0.006,0.0,100,439,24,66,248
0.13,0.31,0.48,0.006,0.007,0.0,0.0,0.49,0.0,0.0,0.005,0.006,0.0,200,559,21,55,254
0.13,0.31,0.48,0.006,0.007,0.0,0.0,0.49,0.0,0.0,0.005,0.006,0.0,300,571,28,58,177
0.13,0.31,0.48,0.006,0.007,0.0,0.0,0.49,0.0,0.0,0.005,0.006,0.0,400,488,30,73,173
0.13,0.31,0.48,0.006,0.007,0.0,0.0,0.49,0.0,0.0,0.005,0.006,0.0,450,451,28,78,189
0.13,0.31,0.48,0.006,0.007,0.0,0.0,0.49,0.0,0.0,0.005,0.006,0.0,500,420,28,82,194
0.13,0.31,0.48,0.006,0.007,0.0,0.0,0.49,0.0,0.0,0.005,0.006,0.0,550,353,32,84,193
0.13,0.31,0.48,0.006,0.007,0.0,0.0,0.49,0.0,0.0,0.005,0.006,0.0,600,291,36,86,174
0.15,0.22,0.43,0.011,0.022,0.01,0.02,0.5,0.03,0.0,0.004,0.004,0.0,27,430,36,71,280
0.15,0.22,0.43,0.011,0.022,0.01,0.02,0.5,0.03,0.0,0.004,0.004,0.0,100,417,23,67,260
0.15,0.22,0.43,0.011,0.022,0.01,0.02,0.5,0.03,0.0,0.004,0.004,0.0,200,533,20,61,273
0.15,0.22,0.43,0.011,0.022,0.01,0.02,0.5,0.03,0.0,0.004,0.004,0.0,300,524,28,36,178
0.15,0.22,0.43,0.011,0.022,0.01,0.02,0.5,0.03,0.0,0.004,0.004,0.0,400,428,31,68,181
0.15,0.22,0.43,0.011,0.022,0.01,0.02,0.5,0.03,0.0,0.004,0.004,0.0,450,394,30,71,175
0.15,0.22,0.43,0.011,0.022,0.01,0.02,0.5,0.03,0.0,0.004,0.004,0.0,500,350,30,78,180
0.15,0.22,0.43,0.011,0.022,0.01,0.02,0.5,0.03,0.0,0.004,0.004,0.0,550,315,35,82,179
0.15,0.22,0.43,0.011,0.022,0.01,0.02,0.5,0.03,0.0,0.004,0.004,0.0,600,250,44,86,140
0.14,0.22,0.46,0.012,0.012,0.01,0.03,0.5,0.03,0.0,0.006,0.006,0.0,27,440,31,70,280
0.14,0.22,0.46,0.012,0.012,0.01,0.03,0.5,0.03,0.0,0.006,0.006,0.0,100,423,21,67,274
0.14,0.22,0.46,0.012,0.012,0.01,0.03,0.5,0.03,0.0,0.006,0.006,0.0,200,530,20,56,274
0.14,0.22,0.46,0.012,0.012,0.01,0.03,0.5,0.03,0.0,0.006,0.006,0.0,300,530,27,37,218
0.14,0.22,0.46,0.012,0.012,0.01,0.03,0.5,0.03,0.0,0.006,0.006,0.0,400,442,30,69,262
0.14,0.22,0.46,0.012,0.012,0.01,0.03,0.5,0.03,0.0,0.006,0.006,0.0,450,393,28,72,200
0.14,0.22,0.46,0.012,0.012,0.01,0.03,0.5,0.03,0.0,0.006,0.006,0.0,500,354,28,76,200
0.14,0.22,0.46,0.012,0.012,0.01,0.03,0.5,0.03,0.0,0.006,0.006,0.0,550,311,30,82,213
0.14,0.22,0.46,0.012,0.012,0.01,0.03,0.5,0.03,0.0,0.006,0.006,0.0,600,266,37,85,156
0.15,0.25,0.58,0.008,0.01,0.05,0.11,0.52,0.04,0.0,0.007,0.011,0.0,27,450,36,74,290
0.15,0.25,0.58,0.008,0.01,0.05,0.11,0.52,0.04,0.0,0.007,0.011,0.0,100,414,30,72,267
0.15,0.25,0.58,0.008,0.01,0.05,0.11,0.52,0.04,0.0,0.007,0.011,0.0,200,463,22,68,260
0.15,0.25,0.58,0.008,0.01,0.05,0.11,0.52,0.04,0.0,0.007,0.011,0.0,300,487,28,42,203
0.15,0.25,0.58,0.008,0.01,0.05,0.11,0.52,0.04,0.0,0.007,0.011,0.0,400,438,32,73,182
0.15,0.25,0.58,0.008,0.01,0.05,0.11,0.52,0.04,0.0,0.007,0.011,0.0,450,418,30,74,192
0.15,0.25,0.58,0.008,0.01,0.05,0.11,0.52,0.04,0.0,0.007,0.011,0.0,500,372,29,80,167
0.15,0.25,0.58,0.008,0.01,0.05,0.11,0.52,0.04,0.0,0.007,0.011,0.0,550,313,37,83,175
0.15,0.25,0.58,0.008,0.01,0.05,0.11,0.52,0.04,0.0,0.007,0.011,0.0,600,253,44,87,146
0.2,0.28,0.59,0.012,0.01,0.02,0.02,0.54,0.07,0.0,0.003,0.0054,0.0,27,460,29,63,310
0.2,0.28,0.59,0.012,0.01,0.02,0.02,0.54,0.07,0.0,0.003,0.0054,0.0,100,445,20,59,308
0.2,0.28,0.59,0.012,0.01,0.02,0.02,0.54,0.07,0.0,0.003,0.0054,0.0,200,556,18,47,317
0.2,0.28,0.59,0.012,0.01,0.02,0.02,0.54,0.07,0.0,0.003,0.0054,0.0,300,557,24,28,278
0.2,0.28,0.59,0.012,0.01,0.02,0.02,0.54,0.07,0.0,0.003,0.0054,0.0,400,456,28,65,252
0.2,0.28,0.59,0.012,0.01,0.02,0.02,0.54,0.07,0.0,0.003,0.0054,0.0,450,416,29,72,249
0.2,0.28,0.59,0.012,0.01,0.02,0.02,0.54,0.07,0.0,0.003,0.0054,0.0,500,374,29,79,237
0.2,0.28,0.59,0.012,0.01,0.02,0.02,0.54,0.07,0.0,0.003,0.0054,0.0,550,321,30,84,237
0.2,0.28,0.59,0.012,0.01,0.02,0.02,0.54,0.07,0.0,0.003,0.0054,0.0,600,258,47,85,175
0.17,0.3,0.63,0.012,0.012,0.04,0.09,0.52,0.1,0.0,0.003,0.007,0.0,27,480,30,64,320
0.17,0.3,0.63,0.012,0.012,0.04,0.09,0.52,0.1,0.0,0.003,0.007,0.0,100,469,19,57,304
0.17,0.3,0.63,0.012,0.012,0.04,0.09,0.52,0.1,0.0,0.003,0.007,0.0,200,592,17,45,310
0.17,0.3,0.63,0.012,0.012,0.04,0.09,0.52,0.1,0.0,0.003,0.007,0.0,300,596,25,48,275
0.17,0.3,0.63,0.012,0.012,0.04,0.09,0.52,0.1,0.0,0.003,0.007,0.0,400,487,27,61,238
0.17,0.3,0.63,0.012,0.012,0.04,0.09,0.52,0.1,0.0,0.003,0.007,0.0,450,437,26,68,249
0.17,0.3,0.63,0.012,0.012,0.04,0.09,0.52,0.1,0.0,0.003,0.007,0.0,500,385,34,77,248
0.17,0.3,0.63,0.012,0.012,0.04,0.09,0.52,0.1,0.0,0.003,0.007,0.0,550,330,35,83,219
0.17,0.3,0.63,0.012,0.012,0.04,0.09,0.52,0.1,0.0,0.003,0.007,0.0,600,268,39,83,177
0.13,0.23,0.66,0.01,0.01,0.08,0.06,0.51,0.13,0.0,0.004,0.0057,0.0,27,440,29,66,300
0.13,0.23,0.66,0.01,0.01,0.08,0.06,0.51,0.13,0.0,0.004,0.0057,0.0,100,512,20,64,408
0.13,0.23,0.66,0.01,0.01,0.08,0.06,0.51,0.13,0.0,0.004,0.0057,0.0,200,546,19,51,314
0.13,0.23,0.66,0.01,0.01,0.08,0.06,0.51,0.13,0.0,0.004,0.0057,0.0,300,541,27,54,263
0.13,0.23,0.66,0.01,0.01,0.08,0.06,0.51,0.13,0.0,0.004,0.0057,0.0,400,441,27,65,237
0.13,0.23,0.66,0.01,0.01,0.08,0.06,0.51,0.13,0.0,0.004,0.0057,0.0,450,407,31,71,261
0.13,0.23,0.66,0.01,0.01,0.08,0.06,0.51,0.13,0.0,0.004,0.0057,0.0,500,365,26,76,250
0.13,0.23,0.66,0.01,0.01,0.08,0.06,0.51,0.13,0.0,0.004,0.0057,0.0,550,317,32,81,215
0.13,0.23,0.66,0.01,0.01,0.08,0.06,0.51,0.13,0.0,0.004,0.0057,0.0,600,256,37,81,188
0.14,0.39,0.63,0.008,0.005,0.0,0.0,0.58,0.03,0.0,0.004,0.006,0.0,27,530,23,65,420
0.14,0.39,0.63,0.008,0.005,0.0,0.0,0.58,0.03,0.0,0.004,0.006,0.0,100,437,17,59,324
0.14,0.39,0.63,0.008,0.005,0.0,0.0,0.58,0.03,0.0,0.004,0.006,0.0,200,616,17,52,412
0.14,0.39,0.63,0.008,0.005,0.0,0.0,0.58,0.03,0.0,0.004,0.006,0.0,300,624,24,52,364
0.14,0.39,0.63,0.008,0.005,0.0,0.0,0.58,0.03,0.0,0.004,0.006,0.0,400,532,26,64,367
0.14,0.39,0.63,0.008,0.005,0.0,0.0,0.58,0.03,0.0,0.004,0.006,0.0,450,478,26,69,320
0.14,0.39,0.63,0.008,0.005,0.0,0.0,0.58,0.03,0.0,0.004,0.006,0.0,500,420,27,79,306
0.14,0.39,0.63,0.008,0.005,0.0,0.0,0.58,0.03,0.0,0.004,0.006,0.0,550,364,29,84,276
0.14,0.39,0.63,0.008,0.005,0.0,0.0,0.58,0.03,0.0,0.004,0.006,0.0,600,304,32,83,243
0.14,0.4,0.67,0.007,0.004,0.0,0.0,0.6,0.03,0.0,0.004,0.007,0.0,27,520,24,66,395
0.14,0.4,0.67,0.007,0.004,0.0,0.0,0.6,0.03,0.0,0.004,0.007,0.0,100,506,19,61,380
0.14,0.4,0.67,0.007,0.004,0.0,0.0,0.6,0.03,0.0,0.004,0.007,0.0,200,609,18,49,391
0.14,0.4,0.67,0.007,0.004,0.0,0.0,0.6,0.03,0.0,0.004,0.007,0.0,300,614,23,51,378
0.14,0.4,0.67,0.007,0.004,0.0,0.0,0.6,0.03,0.0,0.004,0.007,0.0,400,519,26,64,330
0.14,0.4,0.67,0.007,0.004,0.0,0.0,0.6,0.03,0.0,0.004,0.007,0.0,450,477,27,71,328
0.14,0.4,0.67,0.007,0.004,0.0,0.0,0.6,0.03,0.0,0.004,0.007,0.0,500,422,29,80,292
0.14,0.4,0.67,0.007,0.004,0.0,0.0,0.6,0.03,0.0,0.004,0.007,0.0,550,369,35,86,268
0.14,0.4,0.67,0.007,0.004,0.0,0.0,0.6,0.03,0.0,0.004,0.007,0.0,600,303,49,84,235
0.14,0.39,0.64,0.006,0.005,0.0,0.0,0.58,0.03,0.0,0.005,0.008,0.0,27,520,25,64,380
0.14,0.39,0.64,0.006,0.005,0.0,0.0,0.58,0.03,0.0,0.005,0.008,0.0,100,505,19,61,371
0.14,0.39,0.64,0.006,0.005,0.0,0.0,0.58,0.03,0.0,0.005,0.008,0.0,200,606,18,48,367
0.14,0.39,0.64,0.006,0.005,0.0,0.0,0.58,0.03,0.0,0.005,0.008,0.0,300,610,25,51,330
0.14,0.39,0.64,0.006,0.005,0.0,0.0,0.58,0.03,0.0,0.005,0.008,0.0,400,517,26,64,323
0.14,0.39,0.64,0.006,0.005,0.0,0.0,0.58,0.03,0.0,0.005,0.008,0.0,450,467,27,72,323
0.14,0.39,0.64,0.006,0.005,0.0,0.0,0.58,0.03,0.0,0.005,0.008,0.0,500,417,28,80,276
0.14,0.39,0.64,0.006,0.005,0.0,0.0,0.58,0.03,0.0,0.005,0.008,0.0,550,365,33,84,261
0.14,0.39,0.64,0.006,0.005,0.0,0.0,0.58,0.03,0.0,0.005,0.008,0.0,600,291,46,84,217
0.28,0.3,0.7,0.022,0.011,0.14,0.07,0.02,0.22,0.0,0.004,0.0097,0.0,27,520,29,58,300
0.28,0.3,0.7,0.022,0.011,0.14,0.07,0.02,0.22,0.0,0.004,0.0097,0.0,100,484,29,58,284
0.28,0.3,0.7,0.022,0.011,0.14,0.07,0.02,0.22,0.0,0.004,0.0097,0.0,200,449,27,57,228
0.28,0.3,0.7,0.022,0.011,0.14,0.07,0.02,0.22,0.0,0.004,0.0097,0.0,300,483,26,48,223
0.28,0.3,0.7,0.022,0.011,0.14,0.07,0.02,0.22,0.0,0.004,0.0097,0.0,350,475,28,54,214
0.28,0.3,0.7,0.022,0.011,0.14,0.07,0.02,0.22,0.0,0.004,0.0097,0.0,400,432,33,61,199
0.28,0.3,0.7,0.022,0.011,0.14,0.07,0.02,0.22,0.0,0.004,0.0097,0.0,450,372,36,69,172
0.28,0.3,0.7,0.022,0.011,0.14,0.07,0.02,0.22,0.0,0.004,0.0097,0.0,500,314,39,69,165
0.28,0.3,0.7,0.022,0.011,0.14,0.07,0.02,0.22,0.0,0.004,0.0097,0.0,550,253,52,72,153
0.2,0.22,0.68,0.024,0.009,0.15,0.11,0.03,0.23,0.0,0.01,0.0077,0.0,27,490,33,64,275
0.2,0.22,0.68,0.024,0.009,0.15,0.11,0.03,0.23,0.0,0.01,0.0077,0.0,100,449,32,65,258
0.2,0.22,0.68,0.024,0.009,0.15,0.11,0.03,0.23,0.0,0.01,0.0077,0.0,200,439,28,62,243
0.2,0.22,0.68,0.024,0.009,0.15,0.11,0.03,0.23,0.0,0.01,0.0077,0.0,300,454,27,56,201
0.2,0.22,0.68,0.024,0.009,0.15,0.11,0.03,0.23,0.0,0.01,0.0077,0.0,350,454,31,58,194
0.2,0.22,0.68,0.024,0.009,0.15,0.11,0.03,0.23,0.0,0.01,0.0077,0.0,400,418,38,67,186
0.2,0.22,0.68,0.024,0.009,0.15,0.11,0.03,0.23,0.0,0.01,0.0077,0.0,450,368,43,74,183
0.2,0.22,0.68,0.024,0.009,0.15,0.11,0.03,0.23,0.0,0.01,0.0077,0.0,500,306,44,80,152
0.2,0.22,0.68,0.024,0.009,0.15,0.11,0.03,0.23,0.0,0.01,0.0077,0.0,550,249,54,83,149
0.34,0.22,0.7,0.016,0.012,0.14,0.1,0.03,0.2,0.0,0.002,0.0107,0.0,27,500,32,60,290
0.34,0.22,0.7,0.016,0.012,0.14,0.1,0.03,0.2,0.0,0.002,0.0107,0.0,100,454,31,61,266
0.34,0.22,0.7,0.016,0.012,0.14,0.1,0.03,0.2,0.0,0.002,0.0107,0.0,200,447,28,58,224
0.34,0.22,0.7,0.016,0.012,0.14,0.1,0.03,0.2,0.0,0.002,0.0107,0.0,300,458,28,52,194
0.34,0.22,0.7,0.016,0.012,0.14,0.1,0.03,0.2,0.0,0.002,0.0107,0.0,350,460,30,55,198
0.34,0.22,0.7,0.016,0.012,0.14,0.1,0.03,0.2,0.0,0.002,0.0107,0.0,400,422,31,62,194
0.34,0.22,0.7,0.016,0.012,0.14,0.1,0.03,0.2,0.0,0.002,0.0107,0.0,450,368,37,71,179
0.34,0.22,0.7,0.016,0.012,0.14,0.1,0.03,0.2,0.0,0.002,0.0107,0.0,500,310,34,70,163
0.34,0.22,0.7,0.016,0.012,0.14,0.1,0.03,0.2,0.0,0.002,0.0107,0.0,550,283,46,81,164
0.28,0.19,0.8,0.01,0.012,0.0,0.06,0.22,0.04,0.0,0.016,0.0073,0.0,27,490,30,56,275
0.28,0.19,0.8,0.01,0.012,0.0,0.06,0.22,0.04,0.0,0.016,0.0073,0.0,100,445,29,55,258
0.28,0.19,0.8,0.01,0.012,0.0,0.06,0.22,0.04,0.0,0.016,0.0073,0.0,200,440,26,53,228
0.28,0.19,0.8,0.01,0.012,0.0,0.06,0.22,0.04,0.0,0.016,0.0073,0.0,300,457,27,52,186
0.28,0.19,0.8,0.01,0.012,0.0,0.06,0.22,0.04,0.0,0.016,0.0073,0.0,350,457,30,60,179
0.28,0.19,0.8,0.01,0.012,0.0,0.06,0.22,0.04,0.0,0.016,0.0073,0.0,400,425,33,61,183
0.28,0.19,0.8,0.01,0.012,0.0,0.06,0.22,0.04,0.0,0.016,0.0073,0.0,450,382,33,74,183
0.28,0.19,0.8,0.01,0.012,0.0,0.06,0.22,0.04,0.0,0.016,0.0073,0.0,500,338,32,77,168
0.28,0.19,0.8,0.01,0.012,0.0,0.06,0.22,0.04,0.0,0.016,0.0073,0.0,550,256,37,81,149
0.29,0.2,0.93,0.014,0.015,0.03,0.03,0.36,0.06,0.0,0.018,0.0045,0.0,27,530,27,55,310
0.29,0.2,0.93,0.014,0.015,0.03,0.03,0.36,0.06,0.0,0.018,0.0045,0.0,100,498,27,54,300
0.29,0.2,0.93,0.014,0.015,0.03,0.03,0.36,0.06,0.0,0.018,0.0045,0.0,200,486,22,46,254
0.29,0.2,0.93,0.014,0.015,0.03,0.03,0.36,0.06,0.0,0.018,0.0045,0.0,300,522,22,47,235
0.29,0.2,0.93,0.014,0.015,0.03,0.03,0.36,0.06,0.0,0.018,0.0045,0.0,350,514,26,53,221
0.29,0.2,0.93,0.014,0.015,0.03,0.03,0.36,0.06,0.0,0.018,0.0045,0.0,400,480,29,64,213
0.29,0.2,0.93,0.014,0.015,0.03,0.03,0.36,0.06,0.0,0.018,0.0045,0.0,450,434,30,67,226
0.29,0.2,0.93,0.014,0.015,0.03,0.03,0.36,0.06,0.0,0.018,0.0045,0.0,500,380,28,73,213
0.29,0.2,0.93,0.014,0.015,0.03,0.03,0.36,0.06,0.0,0.018,0.0045,0.0,550,322,40,82,198
0.29,0.22,1.0,0.016,0.011,0.05,0.07,0.34,0.05,0.0,0.011,0.0035,0.0,27,530,27,54,305
0.29,0.22,1.0,0.016,0.011,0.05,0.07,0.34,0.05,0.0,0.011,0.0035,0.0,100,487,28,51,270
0.29,0.22,1.0,0.016,0.011,0.05,0.07,0.34,0.05,0.0,0.011,0.0035,0.0,200,478,23,50,259
0.29,0.22,1.0,0.016,0.011,0.05,0.07,0.34,0.05,0.0,0.011,0.0035,0.0,300,518,26,46,226
0.29,0.22,1.0,0.016,0.011,0.05,0.07,0.34,0.05,0.0,0.011,0.0035,0.0,350,503,29,60,214
0.29,0.22,1.0,0.016,0.011,0.05,0.07,0.34,0.05,0.0,0.011,0.0035,0.0,400,477,32,68,213
0.29,0.22,1.0,0.016,0.011,0.05,0.07,0.34,0.05,0.0,0.011,0.0035,0.0,450,424,33,73,202
0.29,0.22,1.0,0.016,0.011,0.05,0.07,0.34,0.05,0.0,0.011,0.0035,0.0,500,381,37,77,202
0.29,0.22,1.0,0.016,0.011,0.05,0.07,0.34,0.05,0.0,0.011,0.0035,0.0,550,315,42,83,194
0.22,0.22,0.82,0.015,0.006,0.05,0.06,0.18,0.08,0.0,0.005,0.0082,0.0,27,470,32,66,295
0.22,0.22,0.82,0.015,0.006,0.05,0.06,0.18,0.08,0.0,0.005,0.0082,0.0,100,443,28,63,289
0.22,0.22,0.82,0.015,0.006,0.05,0.06,0.18,0.08,0.0,0.005,0.0082,0.0,200,450,24,61,274
0.22,0.22,0.82,0.015,0.006,0.05,0.06,0.18,0.08,0.0,0.005,0.0082,0.0,300,468,23,56,223
0.22,0.22,0.82,0.015,0.006,0.05,0.06,0.18,0.08,0.0,0.005,0.0082,0.0,350,464,25,63,207
0.22,0.22,0.82,0.015,0.006,0.05,0.06,0.18,0.08,0.0,0.005,0.0082,0.0,400,408,33,71,194
0.22,0.22,0.82,0.015,0.006,0.05,0.06,0.18,0.08,0.0,0.005,0.0082,0.0,450,388,31,71,198
0.22,0.22,0.82,0.015,0.006,0.05,0.06,0.18,0.08,0.0,0.005,0.0082,0.0,500,330,37,79,186
0.22,0.22,0.82,0.015,0.006,0.05,0.06,0.18,0.08,0.0,0.005,0.0082,0.0,550,273,40,85,172
0.26,0.23,0.74,0.016,0.006,0.05,0.04,0.15,0.07,0.0,0.007,0.0108,0.0,27,480,30,58,270
0.26,0.23,0.74,0.016,0.006,0.05,0.04,0.15,0.07,0.0,0.007,0.0108,0.0,100,471,24,55,262
0.26,0.23,0.74,0.016,0.006,0.05,0.04,0.15,0.07,0.0,0.007,0.0108,0.0,200,431,25,55,224
0.26,0.23,0.74,0.016,0.006,0.05,0.04,0.15,0.07,0.0,0.007,0.0108,0.0,300,526,23,48,199
0.26,0.23,0.74,0.016,0.006,0.05,0.04,0.15,0.07,0.0,0.007,0.0108,0.0,350,526,26,53,205
0.26,0.23,0.74,0.016,0.006,0.05,0.04,0.15,0.07,0.0,0.007,0.0108,0.0,400,443,28,62,186
0.26,0.23,0.74,0.016,0.006,0.05,0.04,0.15,0.07,0.0,0.007,0.0108,0.0,450,376,36,72,168
0.26,0.23,0.74,0.016,0.006,0.05,0.04,0.15,0.07,0.0,0.007,0.0108,0.0,500,345,35,72,179
0.26,0.23,0.74,0.016,0.006,0.05,0.04,0.15,0.07,0.0,0.007,0.0108,0.0,550,268,51,82,153
0.28,0.2,0.72,0.015,0.012,0.32,1.02,1.12,0.2,0.27,0.002,0.0075,0.0,27,810,17,61,655
0.28,0.2,0.72,0.015,0.012,0.32,1.02,1.12,0.2,0.27,0.002,0.0075,0.0,100,754,16,57,621
0.28,0.2,0.72,0.015,0.012,0.32,1.02,1.12,0.2,0.27,0.002,0.0075,0.0,200,729,15,54,591
0.28,0.2,0.72,0.015,0.012,0.32,1.02,1.12,0.2,0.27,0.002,0.0075,0.0,300,722,15,52,580
0.28,0.2,0.72,0.015,0.012,0.32,1.02,1.12,0.2,0.27,0.002,0.0075,0.0,400,678,16,55,538
0.28,0.2,0.72,0.015,0.012,0.32,1.02,1.12,0.2,0.27,0.002,0.0075,0.0,450,629,17,62,514
0.28,0.2,0.72,0.015,0.012,0.32,1.02,1.12,0.2,0.27,0.002,0.0075,0.0,500,570,17,65,481
0.28,0.2,0.72,0.015,0.012,0.32,1.02,1.12,0.2,0.27,0.002,0.0075,0.0,550,504,19,80,469
0.28,0.2,0.72,0.015,0.012,0.32,1.02,1.12,0.2,0.27,0.002,0.0075,0.0,600,444,23,85,358
0.28,0.2,0.72,0.015,0.012,0.32,1.02,1.12,0.2,0.27,0.002,0.0075,0.0,650,375,32,91,257
0.28,0.18,0.75,0.012,0.009,0.32,1.0,1.25,0.14,0.27,0.002,0.009,0.0,27,810,18,63,665
0.28,0.18,0.75,0.012,0.009,0.32,1.0,1.25,0.14,0.27,0.002,0.009,0.0,100,761,16,54,617
0.28,0.18,0.75,0.012,0.009,0.32,1.0,1.25,0.14,0.27,0.002,0.009,0.0,200,733,16,56,602
0.28,0.18,0.75,0.012,0.009,0.32,1.0,1.25,0.14,0.27,0.002,0.009,0.0,300,724,14,52,566
0.28,0.18,0.75,0.012,0.009,0.32,1.0,1.25,0.14,0.27,0.002,0.009,0.0,400,674,18,60,561
0.28,0.18,0.75,0.012,0.009,0.32,1.0,1.25,0.14,0.27,0.002,0.009,0.0,450,634,16,55,517
0.28,0.18,0.75,0.012,0.009,0.32,1.0,1.25,0.14,0.27,0.002,0.009,0.0,500,573,16,68,509
0.28,0.18,0.75,0.012,0.009,0.32,1.0,1.25,0.14,0.27,0.002,0.009,0.0,550,514,20,76,438
0.28,0.18,0.75,0.012,0.009,0.32,1.0,1.25,0.14,0.27,0.002,0.009,0.0,600,460,25,87,363
0.28,0.18,0.75,0.012,0.009,0.32,1.0,1.25,0.14,0.27,0.002,0.009,0.0,650,364,35,92,254
0.29,0.2,0.75,0.01,0.009,0.34,1.0,1.25,0.14,0.26,0.002,0.0075,0.0,100,786,16,58,662
0.29,0.2,0.75,0.01,0.009,0.34,1.0,1.25,0.14,0.26,0.002,0.0075,0.0,200,750,16,57,624
0.29,0.2,0.75,0.01,0.009,0.34,1.0,1.25,0.14,0.26,0.002,0.0075,0.0,300,743,15,56,602
0.29,0.2,0.75,0.01,0.009,0.34,1.0,1.25,0.14,0.26,0.002,0.0075,0.0,400,695,16,57,553
0.29,0.2,0.75,0.01,0.009,0.34,1.0,1.25,0.14,0.26,0.002,0.0075,0.0,450,644,16,62,544
0.29,0.2,0.75,0.01,0.009,0.34,1.0,1.25,0.14,0.26,0.002,0.0075,0.0,500,576,18,74,492
0.29,0.2,0.75,0.01,0.009,0.34,1.0,1.25,0.14,0.26,0.002,0.0075,0.0,550,529,19,80,446
0.29,0.2,0.75,0.01,0.009,0.34,1.0,1.25,0.14,0.26,0.002,0.0075,0.0,600,459,25,87,360
0.29,0.2,0.75,0.01,0.009,0.34,1.0,1.25,0.14,0.26,0.002,0.0075,0.0,650,376,37,93,256
0.3,0.28,0.72,0.014,0.006,0.35,0.93,1.22,0.16,0.21,0.002,0.0093,0.0,27,810,19,60,645
0.3,0.28,0.72,0.014,0.006,0.35,0.93,1.22,0.16,0.21,0.002,0.0093,0.0,100,751,16,56,613
0.3,0.28,0.72,0.014,0.006,0.35,0.93,1.22,0.16,0.21,0.002,0.0093,0.0,200,738,15,53,596
0.3,0.28,0.72,0.014,0.006,0.35,0.93,1.22,0.16,0.21,0.002,0.0093,0.0,300,731,13,49,569
0.3,0.28,0.72,0.014,0.006,0.35,0.93,1.22,0.16,0.21,0.002,0.0093,0.0,400,690,14,50,538
0.3,0.28,0.72,0.014,0.006,0.35,0.93,1.22,0.16,0.21,0.002,0.0093,0.0,450,631,17,62,522
0.3,0.28,0.72,0.014,0.006,0.35,0.93,1.22,0.16,0.21,0.002,0.0093,0.0,500,569,18,67,506
0.3,0.28,0.72,0.014,0.006,0.35,0.93,1.22,0.16,0.21,0.002,0.0093,0.0,550,510,19,77,432
0.3,0.28,0.72,0.014,0.006,0.35,0.93,1.22,0.16,0.21,0.002,0.0093,0.0,600,455,20,84,353
0.3,0.28,0.72,0.014,0.006,0.35,0.93,1.22,0.16,0.21,0.002,0.0093,0.0,650,373,34,91,277
0.3,0.26,0.79,0.016,0.015,0.32,1.03,1.13,0.19,0.23,0.002,0.0085,0.0,27,790,18,57,620
0.3,0.26,0.79,0.016,0.015,0.32,1.03,1.13,0.19,0.23,0.002,0.0085,0.0,100,738,16,57,585
0.3,0.26,0.79,0.016,0.015,0.32,1.03,1.13,0.19,0.23,0.002,0.0085,0.0,200,718,15,49,572
0.3,0.26,0.79,0.016,0.015,0.32,1.03,1.13,0.19,0.23,0.002,0.0085,0.0,300,710,13,42,562
0.3,0.26,0.79,0.016,0.015,0.32,1.03,1.13,0.19,0.23,0.002,0.0085,0.0,400,671,14,50,526
0.3,0.26,0.79,0.016,0.015,0.32,1.03,1.13,0.19,0.23,0.002,0.0085,0.0,450,619,16,61,501
0.3,0.26,0.79,0.016,0.015,0.32,1.03,1.13,0.19,0.23,0.002,0.0085,0.0,500,562,17,64,470
0.3,0.26,0.79,0.016,0.015,0.32,1.03,1.13,0.19,0.23,0.002,0.0085,0.0,550,503,22,77,426
0.3,0.26,0.79,0.016,0.015,0.32,1.03,1.13,0.19,0.23,0.002,0.0085,0.0,600,443,27,85,356
0.3,0.26,0.79,0.016,0.015,0.32,1.03,1.13,0.19,0.23,0.002,0.0085,0.0,650,367,27,90,250
0.29,0.26,0.76,0.009,0.007,0.45,1.12,1.18,0.07,0.23,0.003,0.0103,0.0,100,786,15,59,642
0.29,0.26,0.76,0.009,0.007,0.45,1.12,1.18,0.07,0.23,0.003,0.0103,0.0,200,752,15,54,618
0.29,0.26,0.76,0.009,0.007,0.45,1.12,1.18,0.07,0.23,0.003,0.0103,0.0,300,746,14,51,596
0.29,0.26,0.76,0.009,0.007,0.45,1.12,1.18,0.07,0.23,0.003,0.0103,0.0,400,697,16,63,569
0.29,0.26,0.76,0.009,0.007,0.45,1.12,1.18,0.07,0.23,0.003,0.0103,0.0,450,647,15,67,545
0.29,0.26,0.76,0.009,0.007,0.45,1.12,1.18,0.07,0.23,0.003,0.0103,0.0,500,598,16,73,521
0.29,0.26,0.76,0.009,0.007,0.45,1.12,1.18,0.07,0.23,0.003,0.0103,0.0,550,537,21,83,463
0.29,0.26,0.76,0.009,0.007,0.45,1.12,1.18,0.07,0.23,0.003,0.0103,0.0,600,470,22,88,378
0.29,0.26,0.76,0.009,0.007,0.45,1.12,1.18,0.07,0.23,0.003,0.0103,0.0,650,391,28,92,279
0.29,0.26,0.77,0.009,0.007,0.46,1.12,1.2,0.08,0.23,0.004,0.0095,0.0,100,775,16,61,622
0.29,0.26,0.77,0.009,0.007,0.46,1.12,1.2,0.08,0.23,0.004,0.0095,0.0,200,741,14,52,599
0.29,0.26,0.77,0.009,0.007,0.46,1.12,1.2,0.08,0.23,0.004,0.0095,0.0,300,727,13,48,579
0.29,0.26,0.77,0.009,0.007,0.46,1.12,1.2,0.08,0.23,0.004,0.0095,0.0,400,687,13,52,560
0.29,0.26,0.77,0.009,0.007,0.46,1.12,1.2,0.08,0.23,0.004,0.0095,0.0,450,632,16,54,522
0.29,0.26,0.77,0.009,0.007,0.46,1.12,1.2,0.08,0.23,0.004,0.0095,0.0,500,583,17,70,500
0.29,0.26,0.77,0.009,0.007,0.46,1.12,1.2,0.08,0.23,0.004,0.0095,0.0,550,525,19,80,446
0.29,0.26,0.77,0.009,0.007,0.46,1.12,1.2,0.08,0.23,0.004,0.0095,0.0,600,461,20,85,365
0.29,0.26,0.77,0.009,0.007,0.46,1.12,1.2,0.08,0.23,0.004,0.0095,0.0,650,391,25,89,284
0.29,0.21,0.66,0.01,0.008,0.51,1.07,1.29,0.06,0.23,0.005,0.0097,0.0,27,800,18,62,640
0.29,0.21,0.66,0.01,0.008,0.51,1.07,1.29,0.06,0.23,0.005,0.0097,0.0,100,748,17,62,601
0.29,0.21,0.66,0.01,0.008,0.51,1.07,1.29,0.06,0.23,0.005,0.0097,0.0,200,729,16,59,577
0.29,0.21,0.66,0.01,0.008,0.51,1.07,1.29,0.06,0.23,0.005,0.0097,0.0,300,716,14,55,560
0.29,0.21,0.66,0.01,0.008,0.51,1.07,1.29,0.06,0.23,0.005,0.0097,0.0,400,666,17,60,534
0.29,0.21,0.66,0.01,0.008,0.51,1.07,1.29,0.06,0.23,0.005,0.0097,0.0,450,612,18,67,508
0.29,0.21,0.66,0.01,0.008,0.51,1.07,1.29,0.06,0.23,0.005,0.0097,0.0,500,558,19,75,493
0.29,0.21,0.66,0.01,0.008,0.51,1.07,1.29,0.06,0.23,0.005,0.0097,0.0,550,506,20,83,430
0.29,0.21,0.66,0.01,0.008,0.51,1.07,1.29,0.06,0.23,0.005,0.0097,0.0,600,437,25,87,347
0.29,0.21,0.66,0.01,0.008,0.51,1.07,1.29,0.06,0.23,0.005,0.0097,0.0,650,370,32,91,267
0.3,0.27,0.7,0.012,0.012,0.44,1.1,1.35,0.11,0.27,0.003,0.0082,0.0,27,810,18,62,655
0.3,0.27,0.7,0.012,0.012,0.44,1.1,1.35,0.11,0.27,0.003,0.0082,0.0,100,766,16,61,634
0.3,0.27,0.7,0.012,0.012,0.44,1.1,1.35,0.11,0.27,0.003,0.0082,0.0,200,747,16,59,598
0.3,0.27,0.7,0.012,0.012,0.44,1.1,1.35,0.11,0.27,0.003,0.0082,0.0,300,737,14,53,585
0.3,0.27,0.7,0.012,0.012,0.44,1.1,1.35,0.11,0.27,0.003,0.0082,0.0,400,682,17,63,545
0.3,0.27,0.7,0.012,0.012,0.44,1.1,1.35,0.11,0.27,0.003,0.0082,0.0,450,631,17,68,522
0.3,0.27,0.7,0.012,0.012,0.44,1.1,1.35,0.11,0.27,0.003,0.0082,0.0,500,574,19,73,497
0.3,0.27,0.7,0.012,0.012,0.44,1.1,1.35,0.11,0.27,0.003,0.0082,0.0,550,522,20,84,437
0.3,0.27,0.7,0.012,0.012,0.44,1.1,1.35,0.11,0.27,0.003,0.0082,0.0,600,451,27,89,358
0.3,0.27,0.7,0.012,0.012,0.44,1.1,1.35,0.11,0.27,0.003,0.0082,0.0,650,382,28,90,271
0.18,0.26,1.33,0.015,0.008,0.55,0.11,0.49,0.11,0.0,0.028,0.006,0.0,27,580,26,71,425
0.18,0.26,1.33,0.015,0.008,0.55,0.11,0.49,0.11,0.0,0.028,0.006,0.0,100,525,23,69,393
0.18,0.26,1.33,0.015,0.008,0.55,0.11,0.49,0.11,0.0,0.028,0.006,0.0,200,551,21,69,419
0.18,0.26,1.33,0.015,0.008,0.55,0.11,0.49,0.11,0.0,0.028,0.006,0.0,300,588,21,62,395
0.18,0.26,1.33,0.015,0.008,0.55,0.11,0.49,0.11,0.0,0.028,0.006,0.0,350,575,26,70,399
0.18,0.26,1.33,0.015,0.008,0.55,0.11,0.49,0.11,0.0,0.028,0.006,0.0,400,534,25,71,367
0.18,0.26,1.33,0.015,0.008,0.55,0.11,0.49,0.11,0.0,0.028,0.006,0.0,450,481,24,72,352
0.18,0.26,1.33,0.015,0.008,0.55,0.11,0.49,0.11,0.0,0.028,0.006,0.0,500,409,23,78,322
0.18,0.26,1.33,0.015,0.008,0.55,0.11,0.49,0.11,0.0,0.028,0.006,0.0,550,374,30,84,303
0.18,0.26,1.33,0.015,0.008,0.55,0.11,0.49,0.11,0.0,0.028,0.006,0.0,600,313,31,84,240
0.17,0.23,1.34,0.014,0.009,0.57,0.16,0.49,0.11,0.0,0.038,0.007,0.0,27,590,26,72,455
0.17,0.23,1.34,0.014,0.009,0.57,0.16,0.49,0.11,0.0,0.038,0.007,0.0,100,548,23,71,427
0.17,0.23,1.34,0.014,0.009,0.57,0.16,0.49,0.11,0.0,0.038,0.007,0.0,200,566,21,67,436
0.17,0.23,1.34,0.014,0.009,0.57,0.16,0.49,0.11,0.0,0.038,0.007,0.0,300,608,20,61,435
0.17,0.23,1.34,0.014,0.009,0.57,0.16,0.49,0.11,0.0,0.038,0.007,0.0,350,572,25,66,405
0.17,0.23,1.34,0.014,0.009,0.57,0.16,0.49,0.11,0.0,0.038,0.007,0.0,400,531,26,68,366
0.17,0.23,1.34,0.014,0.009,0.57,0.16,0.49,0.11,0.0,0.038,0.007,0.0,450,505,25,75,367
0.17,0.23,1.34,0.014,0.009,0.57,0.16,0.49,0.11,0.0,0.038,0.007,0.0,500,427,22,79,337
0.17,0.23,1.34,0.014,0.009,0.57,0.16,0.49,0.11,0.0,0.038,0.007,0.0,550,369,25,82,291
0.17,0.23,1.34,0.014,0.009,0.57,0.16,0.49,0.11,0.0,0.038,0.007,0.0,600,308,37,85,248
0.17,0.33,1.37,0.016,0.014,0.6,0.08,0.53,0.24,0.0,0.008,0.0071,0.0,27,590,25,70,440
0.17,0.33,1.37,0.016,0.014,0.6,0.08,0.53,0.24,0.0,0.008,0.0071,0.0,100,558,21,68,421
0.17,0.33,1.37,0.016,0.014,0.6,0.08,0.53,0.24,0.0,0.008,0.0071,0.0,200,548,20,66,404
0.17,0.33,1.37,0.016,0.014,0.6,0.08,0.53,0.24,0.0,0.008,0.0071,0.0,300,565,18,60,400
0.17,0.33,1.37,0.016,0.014,0.6,0.08,0.53,0.24,0.0,0.008,0.0071,0.0,350,573,23,62,404
0.17,0.33,1.37,0.016,0.014,0.6,0.08,0.53,0.24,0.0,0.008,0.0071,0.0,400,532,19,45,378
0.17,0.33,1.37,0.016,0.014,0.6,0.08,0.53,0.24,0.0,0.008,0.0071,0.0,450,485,22,64,366
0.17,0.33,1.37,0.016,0.014,0.6,0.08,0.53,0.24,0.0,0.008,0.0071,0.0,500,473,23,75,341
0.17,0.33,1.37,0.016,0.014,0.6,0.08,0.53,0.24,0.0,0.008,0.0071,0.0,550,369,27,82,304
0.17,0.33,1.37,0.016,0.014,0.6,0.08,0.53,0.24,0.0,0.008,0.0071,0.0,600,310,30,88,250
0.17,0.33,1.37,0.016,0.014,0.6,0.08,0.53,0.24,0.0,0.008,0.0071,0.0,650,250,36,92,170
0.17,0.35,1.44,0.015,0.01,0.58,0.08,0.5,0.23,0.0,0.006,0.0079,0.0,27,580,27,71,420
0.17,0.35,1.44,0.015,0.01,0.58,0.08,0.5,0.23,0.0,0.006,0.0079,0.0,100,551,24,72,411
0.17,0.35,1.44,0.015,0.01,0.58,0.08,0.5,0.23,0.0,0.006,0.0079,0.0,200,525,22,69,381
0.17,0.35,1.44,0.015,0.01,0.58,0.08,0.5,0.23,0.0,0.006,0.0079,0.0,300,556,20,60,381
0.17,0.35,1.44,0.015,0.01,0.58,0.08,0.5,0.23,0.0,0.006,0.0079,0.0,350,549,24,62,357
0.17,0.35,1.44,0.015,0.01,0.58,0.08,0.5,0.23,0.0,0.006,0.0079,0.0,400,510,25,65,352
0.17,0.35,1.44,0.015,0.01,0.58,0.08,0.5,0.23,0.0,0.006,0.0079,0.0,450,462,22,66,336
0.17,0.35,1.44,0.015,0.01,0.58,0.08,0.5,0.23,0.0,0.006,0.0079,0.0,500,396,24,79,303
0.17,0.35,1.44,0.015,0.01,0.58,0.08,0.5,0.23,0.0,0.006,0.0079,0.0,550,355,31,84,286
0.17,0.35,1.44,0.015,0.01,0.58,0.08,0.5,0.23,0.0,0.006,0.0079,0.0,600,300,39,88,240
0.19,0.33,1.41,0.014,0.006,0.58,0.1,0.53,0.25,0.0,0.008,0.0077,0.0,27,590,26,72,435
0.19,0.33,1.41,0.014,0.006,0.58,0.1,0.53,0.25,0.0,0.008,0.0077,0.0,100,557,23,72,414
0.19,0.33,1.41,0.014,0.006,0.58,0.1,0.53,0.25,0.0,0.008,0.0077,0.0,200,540,23,69,395
0.19,0.33,1.41,0.014,0.006,0.58,0.1,0.53,0.25,0.0,0.008,0.0077,0.0,300,573,18,56,396
0.19,0.33,1.41,0.014,0.006,0.58,0.1,0.53,0.25,0.0,0.008,0.0077,0.0,350,558,23,60,370
0.19,0.33,1.41,0.014,0.006,0.58,0.1,0.53,0.25,0.0,0.008,0.0077,0.0,400,522,23,59,363
0.19,0.33,1.41,0.014,0.006,0.58,0.1,0.53,0.25,0.0,0.008,0.0077,0.0,450,470,22,64,335
0.19,0.33,1.41,0.014,0.006,0.58,0.1,0.53,0.25,0.0,0.008,0.0077,0.0,500,412,22,70,323
0.19,0.33,1.41,0.014,0.006,0.58,0.1,0.53,0.25,0.0,0.008,0.0077,0.0,550,356,29,83,288
0.19,0.33,1.41,0.014,0.006,0.58,0.1,0.53,0.25,0.0,0.008,0.0077,0.0,600,299,41,86,240
0.12,0.25,0.48,0.008,0.012,0.04,0.64,0.51,0.04,0.0,0.006,0.013,0.0,27,480,32,75,270
0.12,0.25,0.48,0.008,0.012,0.04,0.64,0.51,0.04,0.0,0.006,0.013,0.0,100,454,28,72,261
0.12,0.25,0.48,0.008,0.012,0.04,0.64,0.51,0.04,0.0,0.006,0.013,0.0,200,542,20,59,261
0.12,0.25,0.48,0.008,0.012,0.04,0.64,0.51,0.04,0.0,0.006,0.013,0.0,300,604,34,57,259
0.12,0.25,0.48,0.008,0.012,0.04,0.64,0.51,0.04,0.0,0.006,0.013,0.0,400,564,26,66,237
0.12,0.25,0.48,0.008,0.012,0.04,0.64,0.51,0.04,0.0,0.006,0.013,0.0,450,534,26,66,228
0.12,0.25,0.48,0.008,0.012,0.04,0.64,0.51,0.04,0.0,0.006,0.013,0.0,500,487,25,70,237
0.12,0.25,0.48,0.008,0.012,0.04,0.64,0.51,0.04,0.0,0.006,0.013,0.0,550,434,29,78,222
0.12,0.25,0.48,0.008,0.012,0.04,0.64,0.51,0.04,0.0,0.006,0.013,0.0,600,332,42,84,193
0.16,0.24,0.49,0.012,0.007,0.035,0.61,0.51,0.04,0.0,0.006,0.0086,0.0,27,450,34,65,275
0.16,0.24,0.49,0.012,0.007,0.035,0.61,0.51,0.04,0.0,0.006,0.0086,0.0,100,408,29,67,260
0.16,0.24,0.49,0.012,0.007,0.035,0.61,0.51,0.04,0.0,0.006,0.0086,0.0,200,458,21,60,256
0.16,0.24,0.49,0.012,0.007,0.035,0.61,0.51,0.04,0.0,0.006,0.0086,0.0,300,493,21,57,192
0.16,0.24,0.49,0.012,0.007,0.035,0.61,0.51,0.04,0.0,0.006,0.0086,0.0,400,456,30,76,191
0.16,0.24,0.49,0.012,0.007,0.035,0.61,0.51,0.04,0.0,0.006,0.0086,0.0,450,434,28,79,180
0.16,0.24,0.49,0.012,0.007,0.035,0.61,0.51,0.04,0.0,0.006,0.0086,0.0,500,398,31,85,181
0.16,0.24,0.49,0.012,0.007,0.035,0.61,0.51,0.04,0.0,0.006,0.0086,0.0,550,349,37,87,176
0.16,0.24,0.49,0.012,0.007,0.035,0.61,0.51,0.04,0.0,0.006,0.0086,0.0,600,281,38,89,168
0.12,0.25,0.43,0.006,0.011,0.03,0.59,0.51,0.03,0.0,0.006,0.015,0.0,27,460,36,77,325
0.12,0.25,0.43,0.006,0.011,0.03,0.59,0.51,0.03,0.0,0.006,0.015,0.0,100,419,31,79,301
0.12,0.25,0.43,0.006,0.011,0.03,0.59,0.51,0.03,0.0,0.006,0.015,0.0,200,435,25,76,284
0.12,0.25,0.43,0.006,0.011,0.03,0.59,0.51,0.03,0.0,0.006,0.015,0.0,300,464,24,74,224
0.12,0.25,0.43,0.006,0.011,0.03,0.59,0.51,0.03,0.0,0.006,0.015,0.0,400,455,29,78,213
0.12,0.25,0.43,0.006,0.011,0.03,0.59,0.51,0.03,0.0,0.006,0.015,0.0,450,435,27,79,199
0.12,0.25,0.43,0.006,0.011,0.03,0.59,0.51,0.03,0.0,0.006,0.015,0.0,500,402,26,83,208
0.12,0.25,0.43,0.006,0.011,0.03,0.59,0.51,0.03,0.0,0.006,0.015,0.0,550,353,32,86,204
0.12,0.25,0.43,0.006,0.011,0.03,0.59,0.51,0.03,0.0,0.006,0.015,0.0,600,283,46,90,168
0.12,0.25,0.44,0.013,0.012,0.05,0.71,0.52,0.06,0.0,0.004,0.0058,0.0,27,470,30,65,255
0.12,0.25,0.44,0.013,0.012,0.05,0.71,0.52,0.06,0.0,0.004,0.0058,0.0,100,438,26,66,276
0.12,0.25,0.44,0.013,0.012,0.05,0.71,0.52,0.06,0.0,0.004,0.0058,0.0,200,520,19,49,258
0.12,0.25,0.44,0.013,0.012,0.05,0.71,0.52,0.06,0.0,0.004,0.0058,0.0,300,557,20,50,260
0.12,0.25,0.44,0.013,0.012,0.05,0.71,0.52,0.06,0.0,0.004,0.0058,0.0,400,530,25,62,226
0.12,0.25,0.44,0.013,0.012,0.05,0.71,0.52,0.06,0.0,0.004,0.0058,0.0,450,507,24,63,228
0.12,0.25,0.44,0.013,0.012,0.05,0.71,0.52,0.06,0.0,0.004,0.0058,0.0,500,471,25,69,218
0.12,0.25,0.44,0.013,0.012,0.05,0.71,0.52,0.06,0.0,0.004,0.0058,0.0,550,418,27,76,220
0.12,0.25,0.44,0.013,0.012,0.05,0.71,0.52,0.06,0.0,0.004,0.0058,0.0,600,330,36,81,203
0.12,0.24,0.47,0.008,0.011,0.04,0.71,0.49,0.06,0.0,0.006,0.013,0.0,27,480,33,75,275
0.12,0.24,0.47,0.008,0.011,0.04,0.71,0.49,0.06,0.0,0.006,0.013,0.0,100,441,29,76,255
0.12,0.24,0.47,0.008,0.011,0.04,0.71,0.49,0.06,0.0,0.006,0.013,0.0,200,522,21,64,270
0.12,0.24,0.47,0.008,0.011,0.04,0.71,0.49,0.06,0.0,0.006,0.013,0.0,300,575,23,60,264
0.12,0.24,0.47,0.008,0.011,0.04,0.71,0.49,0.06,0.0,0.006,0.013,0.0,400,556,26,64,246
0.12,0.24,0.47,0.008,0.011,0.04,0.71,0.49,0.06,0.0,0.006,0.013,0.0,450,521,25,67,229
0.12,0.24,0.47,0.008,0.011,0.04,0.71,0.49,0.06,0.0,0.006,0.013,0.0,500,474,25,73,232
0.12,0.24,0.47,0.008,0.011,0.04,0.71,0.49,0.06,0.0,0.006,0.013,0.0,550,416,27,81,224
0.12,0.24,0.47,0.008,0.011,0.04,0.71,0.49,0.06,0.0,0.006,0.013,0.0,600,313,47,88,198
0.15,0.26,0.45,0.012,0.006,0.033,0.58,0.49,0.04,0.0,0.006,0.0084,0.0,27,450,33,64,260
0.15,0.26,0.45,0.012,0.006,0.033,0.58,0.49,0.04,0.0,0.006,0.0084,0.0,100,418,32,65,261
0.15,0.26,0.45,0.012,0.006,0.033,0.58,0.49,0.04,0.0,0.006,0.0084,0.0,200,465,21,54,260
0.15,0.26,0.45,0.012,0.006,0.033,0.58,0.49,0.04,0.0,0.006,0.0084,0.0,300,492,21,57,192
0.15,0.26,0.45,0.012,0.006,0.033,0.58,0.49,0.04,0.0,0.006,0.0084,0.0,400,449,32,76,174
0.15,0.26,0.45,0.012,0.006,0.033,0.58,0.49,0.04,0.0,0.006,0.0084,0.0,450,424,30,81,178
0.15,0.26,0.45,0.012,0.006,0.033,0.58,0.49,0.04,0.0,0.006,0.0084,0.0,500,392,33,86,186
0.15,0.26,0.45,0.012,0.006,0.033,0.58,0.49,0.04,0.0,0.006,0.0084,0.0,550,337,37,88,178
0.15,0.26,0.45,0.012,0.006,0.033,0.58,0.49,0.04,0.0,0.006,0.0084,0.0,600,270,47,89,162
0.14,0.22,0.45,0.013,0.013,0.06,0.68,0.52,0.06,0.0,0.004,0.0062,0.0,27,470,33,65,250
0.14,0.22,0.45,0.013,0.013,0.06,0.68,0.52,0.06,0.0,0.004,0.0062,0.0,100,435,27,65,249
0.14,0.22,0.45,0.013,0.013,0.06,0.68,0.52,0.06,0.0,0.004,0.0062,0.0,200,522,19,52,251
0.14,0.22,0.45,0.013,0.013,0.06,0.68,0.52,0.06,0.0,0.004,0.0062,0.0,300,556,20,49,226
0.14,0.22,0.45,0.013,0.013,0.06,0.68,0.52,0.06,0.0,0.004,0.0062,0.0,400,524,25,60,254
0.14,0.22,0.45,0.013,0.013,0.06,0.68,0.52,0.06,0.0,0.004,0.0062,0.0,450,500,25,65,223
0.14,0.22,0.45,0.013,0.013,0.06,0.68,0.52,0.06,0.0,0.004,0.0062,0.0,500,462,27,71,207
0.14,0.22,0.45,0.013,0.013,0.06,0.68,0.52,0.06,0.0,0.004,0.0062,0.0,550,413,28,76,214
0.14,0.22,0.45,0.013,0.013,0.06,0.68,0.52,0.06,0.0,0.004,0.0062,0.0,600,328,41,82,202
0.15,0.21,0.42,0.015,0.011,0.06,0.66,0.52,0.07,0.0,0.004,0.0056,0.0,27,460,31,65,255
0.15,0.21,0.42,0.015,0.011,0.06,0.66,0.52,0.07,0.0,0.004,0.0056,0.0,100,411,26,63,221
0.15,0.21,0.42,0.015,0.011,0.06,0.66,0.52,0.07,0.0,0.004,0.0056,0.0,200,514,19,52,248
0.15,0.21,0.42,0.015,0.011,0.06,0.66,0.52,0.07,0.0,0.004,0.0056,0.0,300,544,20,50,223
0.15,0.21,0.42,0.015,0.011,0.06,0.66,0.52,0.07,0.0,0.004,0.0056,0.0,400,507,27,60,213
0.15,0.21,0.42,0.015,0.011,0.06,0.66,0.52,0.07,0.0,0.004,0.0056,0.0,450,486,26,64,202
0.15,0.21,0.42,0.015,0.011,0.06,0.66,0.52,0.07,0.0,0.004,0.0056,0.0,500,444,27,71,192
0.15,0.21,0.42,0.015,0.011,0.06,0.66,0.52,0.07,0.0,0.004,0.0056,0.0,550,395,31,78,203
0.15,0.21,0.42,0.015,0.011,0.06,0.66,0.52,0.07,0.0,0.004,0.0056,0.0,600,315,36,83,183
0.15,0.25,0.45,0.013,0.008,0.032,0.6,0.48,0.04,0.0,0.006,0.0082,0.0,27,450,33,66,265
0.15,0.25,0.45,0.013,0.008,0.032,0.6,0.48,0.04,0.0,0.006,0.0082,0.0,100,415,31,66,260
0.15,0.25,0.45,0.013,0.008,0.032,0.6,0.48,0.04,0.0,0.006,0.0082,0.0,200,448,22,59,254
0.15,0.25,0.45,0.013,0.008,0.032,0.6,0.48,0.04,0.0,0.006,0.0082,0.0,300,482,21,60,202
0.15,0.25,0.45,0.013,0.008,0.032,0.6,0.48,0.04,0.0,0.006,0.0082,0.0,400,452,31,75,180
0.15,0.25,0.45,0.013,0.008,0.032,0.6,0.48,0.04,0.0,0.006,0.0082,0.0,450,426,29,81,183
0.15,0.25,0.45,0.013,0.008,0.032,0.6,0.48,0.04,0.0,0.006,0.0082,0.0,500,385,33,85,172
0.15,0.25,0.45,0.013,0.008,0.032,0.6,0.48,0.04,0.0,0.006,0.0082,0.0,550,338,39,89,176
0.15,0.25,0.45,0.013,0.008,0.032,0.6,0.48,0.04,0.0,0.006,0.0082,0.0,600,269,46,89,160
0.17,0.39,0.6,0.022,0.02,0.11,1.31,1.02,0.11,0.28,0.004,0.0078,0.0,27,720,19,58,575
0.17,0.39,0.6,0.022,0.02,0.11,1.31,1.02,0.11,0.28,0.004,0.0078,0.0,100,666,17,50,532
0.17,0.39,0.6,0.022,0.02,0.11,1.31,1.02,0.11,0.28,0.004,0.0078,0.0,200,611,17,59,478
0.17,0.39,0.6,0.022,0.02,0.11,1.31,1.02,0.11,0.28,0.004,0.0078,0.0,300,644,15,46,499
0.17,0.39,0.6,0.022,0.02,0.11,1.31,1.02,0.11,0.28,0.004,0.0078,0.0,400,605,10,22,456
0.17,0.39,0.6,0.022,0.02,0.11,1.31,1.02,0.11,0.28,0.004,0.0078,0.0,450,567,18,57,437
0.17,0.39,0.6,0.022,0.02,0.11,1.31,1.02,0.11,0.28,0.004,0.0078,0.0,500,528,20,66,423
0.17,0.39,0.6,0.022,0.02,0.11,1.31,1.02,0.11,0.28,0.004,0.0078,0.0,550,492,17,54,428
0.17,0.39,0.6,0.022,0.02,0.11,1.31,1.02,0.11,0.28,0.004,0.0078,0.0,600,425,21,73,368
0.17,0.39,0.6,0.022,0.02,0.11,1.31,1.02,0.11,0.28,0.004,0.0078,0.0,650,330,29,88,259
0.16,0.47,0.62,0.01,0.01,0.19,1.01,0.92,0.15,0.24,0.003,0.0111,0.0,27,690,17,61,535
0.16,0.47,0.62,0.01,0.01,0.19,1.01,0.92,0.15,0.24,0.003,0.0111,0.0,100,661,17,62,521
0.16,0.47,0.62,0.01,0.01,0.19,1.01,0.92,0.15,0.24,0.003,0.0111,0.0,200,622,15,57,487
0.16,0.47,0.62,0.01,0.01,0.19,1.01,0.92,0.15,0.24,0.003,0.0111,0.0,300,626,13,52,491
0.16,0.47,0.62,0.01,0.01,0.19,1.01,0.92,0.15,0.24,0.003,0.0111,0.0,400,590,14,50,469
0.16,0.47,0.62,0.01,0.01,0.19,1.01,0.92,0.15,0.24,0.003,0.0111,0.0,450,566,16,54,449
0.16,0.47,0.62,0.01,0.01,0.19,1.01,0.92,0.15,0.24,0.003,0.0111,0.0,500,514,17,66,436
0.16,0.47,0.62,0.01,0.01,0.19,1.01,0.92,0.15,0.24,0.003,0.0111,0.0,550,449,18,72,382
0.16,0.47,0.62,0.01,0.01,0.19,1.01,0.92,0.15,0.24,0.003,0.0111,0.0,600,396,19,78,337
0.16,0.47,0.62,0.01,0.01,0.19,1.01,0.92,0.15,0.24,0.003,0.0111,0.0,650,339,23,86,261
0.14,0.34,0.73,0.01,0.009,0.13,1.06,0.96,0.08,0.23,0.003,0.0102,0.0,27,710,15,36,570
0.14,0.34,0.73,0.01,0.009,0.13,1.06,0.96,0.08,0.23,0.003,0.0102,0.0,100,678,13,37,570
0.14,0.34,0.73,0.01,0.009,0.13,1.06,0.96,0.08,0.23,0.003,0.0102,0.0,200,645,12,36,536
0.14,0.34,0.73,0.01,0.009,0.13,1.06,0.96,0.08,0.23,0.003,0.0102,0.0,300,626,13,34,506
0.14,0.34,0.73,0.01,0.009,0.13,1.06,0.96,0.08,0.23,0.003,0.0102,0.0,400,600,16,49,487
0.14,0.34,0.73,0.01,0.009,0.13,1.06,0.96,0.08,0.23,0.003,0.0102,0.0,450,554,16,55,462
0.14,0.34,0.73,0.01,0.009,0.13,1.06,0.96,0.08,0.23,0.003,0.0102,0.0,500,518,14,45,442
0.14,0.34,0.73,0.01,0.009,0.13,1.06,0.96,0.08,0.23,0.003,0.0102,0.0,550,462,20,75,403
0.14,0.34,0.73,0.01,0.009,0.13,1.06,0.96,0.08,0.23,0.003,0.0102,0.0,600,397,28,81,345
0.14,0.34,0.73,0.01,0.009,0.13,1.06,0.96,0.08,0.23,0.003,0.0102,0.0,650,352,22,82,283
0.18,0.37,0.66,0.018,0.017,0.1,1.07,1.03,0.12,0.3,0.02,0.0081,0.0,27,690,18,46,545
0.18,0.37,0.66,0.018,0.017,0.1,1.07,1.03,0.12,0.3,0.02,0.0081,0.0,100,716,13,47,584
0.18,0.37,0.66,0.018,0.017,0.1,1.07,1.03,0.12,0.3,0.02,0.0081,0.0,200,714,14,18,572
0.18,0.37,0.66,0.018,0.017,0.1,1.07,1.03,0.12,0.3,0.02,0.0081,0.0,400,629,16,50,482
0.18,0.37,0.66,0.018,0.017,0.1,1.07,1.03,0.12,0.3,0.02,0.0081,0.0,450,592,15,44,471
0.18,0.37,0.66,0.018,0.017,0.1,1.07,1.03,0.12,0.3,0.02,0.0081,0.0,500,546,17,62,444
0.18,0.37,0.66,0.018,0.017,0.1,1.07,1.03,0.12,0.3,0.02,0.0081,0.0,550,535,15,68,473
0.18,0.37,0.66,0.018,0.017,0.1,1.07,1.03,0.12,0.3,0.02,0.0081,0.0,600,416,19,77,359
0.18,0.37,0.66,0.018,0.017,0.1,1.07,1.03,0.12,0.3,0.02,0.0081,0.0,650,343,23,82,278
0.16,0.47,0.62,0.01,0.01,0.19,1.0,0.92,0.15,0.24,0.002,0.0104,0.0,27,680,16,50,515
0.16,0.47,0.62,0.01,0.01,0.19,1.0,0.92,0.15,0.24,0.002,0.0104,0.0,100,644,17,62,508
0.16,0.47,0.62,0.01,0.01,0.19,1.0,0.92,0.15,0.24,0.002,0.0104,0.0,200,623,14,40,494
0.16,0.47,0.62,0.01,0.01,0.19,1.0,0.92,0.15,0.24,0.002,0.0104,0.0,300,593,14,54,464
0.16,0.47,0.62,0.01,0.01,0.19,1.0,0.92,0.15,0.24,0.002,0.0104,0.0,400,580,15,53,440
0.16,0.47,0.62,0.01,0.01,0.19,1.0,0.92,0.15,0.24,0.002,0.0104,0.0,450,551,12,40,447
0.16,0.47,0.62,0.01,0.01,0.19,1.0,0.92,0.15,0.24,0.002,0.0104,0.0,500,504,16,58,421
0.16,0.47,0.62,0.01,0.01,0.19,1.0,0.92,0.15,0.24,0.002,0.0104,0.0,550,450,15,62,384
0.16,0.47,0.62,0.01,0.01,0.19,1.0,0.92,0.15,0.24,0.002,0.0104,0.0,600,389,17,77,335
0.16,0.47,0.62,0.01,0.01,0.19,1.0,0.92,0.15,0.24,0.002,0.0104,0.0,650,342,29,86,269
0.18,0.37,0.61,0.019,0.018,0.11,1.09,1.12,0.07,0.28,0.016,0.0064,0.0,27,790,16,49,650
0.18,0.37,0.61,0.019,0.018,0.11,1.09,1.12,0.07,0.28,0.016,0.0064,0.0,100,653,17,57,520
0.18,0.37,0.61,0.019,0.018,0.11,1.09,1.12,0.07,0.28,0.016,0.0064,0.0,200,644,15,51,516
0.18,0.37,0.61,0.019,0.018,0.11,1.09,1.12,0.07,0.28,0.016,0.0064,0.0,300,660,12,45,199
0.18,0.37,0.61,0.019,0.018,0.11,1.09,1.12,0.07,0.28,0.016,0.0064,0.0,400,655,14,42,530
0.18,0.37,0.61,0.019,0.018,0.11,1.09,1.12,0.07,0.28,0.016,0.0064,0.0,450,632,15,51,534
0.18,0.37,0.61,0.019,0.018,0.11,1.09,1.12,0.07,0.28,0.016,0.0064,0.0,500,540,13,51,440
0.18,0.37,0.61,0.019,0.018,0.11,1.09,1.12,0.07,0.28,0.016,0.0064,0.0,550,517,16,68,445
0.18,0.37,0.61,0.019,0.018,0.11,1.09,1.12,0.07,0.28,0.016,0.0064,0.0,600,466,19,74,403
0.18,0.37,0.61,0.019,0.018,0.11,1.09,1.12,0.07,0.28,0.016,0.0064,0.0,650,393,21,78,318
0.16,0.52,0.79,0.01,0.008,0.13,1.16,0.97,0.11,0.23,0.003,0.0106,0.0,27,720,17,62,570
0.16,0.52,0.79,0.01,0.008,0.13,1.16,0.97,0.11,0.23,0.003,0.0106,0.0,100,665,15,58,540
0.16,0.52,0.79,0.01,0.008,0.13,1.16,0.97,0.11,0.23,0.003,0.0106,0.0,200,638,13,40,522
0.16,0.52,0.79,0.01,0.008,0.13,1.16,0.97,0.11,0.23,0.003,0.0106,0.0,300,660,15,52,513
0.16,0.52,0.79,0.01,0.008,0.13,1.16,0.97,0.11,0.23,0.003,0.0106,0.0,400,632,18,53,499
0.16,0.52,0.79,0.01,0.008,0.13,1.16,0.97,0.11,0.23,0.003,0.0106,0.0,450,580,19,67,463
0.16,0.52,0.79,0.01,0.008,0.13,1.16,0.97,0.11,0.23,0.003,0.0106,0.0,500,535,19,70,453
0.16,0.52,0.79,0.01,0.008,0.13,1.16,0.97,0.11,0.23,0.003,0.0106,0.0,550,465,21,80,395
0.16,0.52,0.79,0.01,0.008,0.13,1.16,0.97,0.11,0.23,0.003,0.0106,0.0,600,405,26,84,338
0.16,0.52,0.79,0.01,0.008,0.13,1.16,0.97,0.11,0.23,0.003,0.0106,0.0,650,341,31,91,262
0.18,0.39,0.63,0.012,0.012,0.23,1.22,0.89,0.17,0.23,0.002,0.0103,0.0,27,680,19,64,525
0.18,0.39,0.63,0.012,0.012,0.23,1.22,0.89,0.17,0.23,0.002,0.0103,0.0,100,635,18,64,499
0.18,0.39,0.63,0.012,0.012,0.23,1.22,0.89,0.17,0.23,0.002,0.0103,0.0,200,603,18,61,162
0.18,0.39,0.63,0.012,0.012,0.23,1.22,0.89,0.17,0.23,0.002,0.0103,0.0,300,601,15,56,459
0.18,0.39,0.63,0.012,0.012,0.23,1.22,0.89,0.17,0.23,0.002,0.0103,0.0,400,587,14,51,473
0.18,0.39,0.63,0.012,0.012,0.23,1.22,0.89,0.17,0.23,0.002,0.0103,0.0,450,542,17,60,434
0.18,0.39,0.63,0.012,0.012,0.23,1.22,0.89,0.17,0.23,0.002,0.0103,0.0,500,498,16,66,411
0.18,0.39,0.63,0.012,0.012,0.23,1.22,0.89,0.17,0.23,0.002,0.0103,0.0,550,446,18,74,380
0.18,0.39,0.63,0.012,0.012,0.23,1.22,0.89,0.17,0.23,0.002,0.0103,0.0,600,386,25,81,323
0.18,0.39,0.63,0.012,0.012,0.23,1.22,0.89,0.17,0.23,0.002,0.0103,0.0,650,333,20,83,262
0.15,0.52,0.78,0.01,0.009,0.12,1.17,0.98,0.08,0.23,0.003,0.0106,0.0,27,680,20,69,555
0.15,0.52,0.78,0.01,0.009,0.12,1.17,0.98,0.08,0.23,0.003,0.0106,0.0,100,654,18,68,534
0.15,0.52,0.78,0.01,0.009,0.12,1.17,0.98,0.08,0.23,0.003,0.0106,0.0,200,619,18,70,501
0.15,0.52,0.78,0.01,0.009,0.12,1.17,0.98,0.08,0.23,0.003,0.0106,0.0,300,607,16,66,496
0.15,0.52,0.78,0.01,0.009,0.12,1.17,0.98,0.08,0.23,0.003,0.0106,0.0,400,582,18,68,480
0.15,0.52,0.78,0.01,0.009,0.12,1.17,0.98,0.08,0.23,0.003,0.0106,0.0,450,540,18,70,450
0.15,0.52,0.78,0.01,0.009,0.12,1.17,0.98,0.08,0.23,0.003,0.0106,0.0,500,505,19,75,433
0.15,0.52,0.78,0.01,0.009,0.12,1.17,0.98,0.08,0.23,0.003,0.0106,0.0,600,397,25,87,344
0.15,0.52,0.78,0.01,0.009,0.12,1.17,0.98,0.08,0.23,0.003,0.0106,0.0,650,333,23,88,252
0.15,0.3,1.14,0.009,0.021,0.31,0.2,0.08,0.14,0.0,0.028,0.0082,0.0,27,592,25,73,468
0.15,0.3,1.14,0.009,0.021,0.31,0.2,0.08,0.14,0.0,0.028,0.0082,0.0,100,545,22,73,434
0.15,0.3,1.14,0.009,0.021,0.31,0.2,0.08,0.14,0.0,0.028,0.0082,0.0,200,557,21,70,439
0.15,0.3,1.14,0.009,0.021,0.31,0.2,0.08,0.14,0.0,0.028,0.0082,0.0,300,596,24,64,421
0.15,0.3,1.14,0.009,0.021,0.31,0.2,0.08,0.14,0.0,0.028,0.0082,0.0,350,566,28,69,403
0.15,0.3,1.14,0.009,0.021,0.31,0.2,0.08,0.14,0.0,0.028,0.0082,0.0,400,513,29,74,410
0.15,0.3,1.14,0.009,0.021,0.31,0.2,0.08,0.14,0.0,0.028,0.0082,0.0,450,457,27,77,350
0.15,0.3,1.14,0.009,0.021,0.31,0.2,0.08,0.14,0.0,0.028,0.0082,0.0,500,426,26,81,349
0.15,0.3,1.14,0.009,0.021,0.31,0.2,0.08,0.14,0.0,0.028,0.0082,0.0,550,344,29,74,271
0.15,0.3,1.14,0.009,0.021,0.31,0.2,0.08,0.14,0.0,0.028,0.0082,0.0,600,276,42,71,194
0.15,0.28,1.32,0.019,0.005,0.077,0.053,0.008,0.08,0.07,0.017,0.0066,0.0,27,625,22,65,483
0.15,0.28,1.32,0.019,0.005,0.077,0.053,0.008,0.08,0.07,0.017,0.0066,0.0,100,645,18,60,513
0.15,0.28,1.32,0.019,0.005,0.077,0.053,0.008,0.08,0.07,0.017,0.0066,0.0,200,623,19,61,450
0.15,0.28,1.32,0.019,0.005,0.077,0.053,0.008,0.08,0.07,0.017,0.0066,0.0,300,634,19,58,452
0.15,0.28,1.32,0.019,0.005,0.077,0.053,0.008,0.08,0.07,0.017,0.0066,0.0,350,614,24,67,436
0.15,0.28,1.32,0.019,0.005,0.077,0.053,0.008,0.08,0.07,0.017,0.0066,0.0,400,569,23,69,415
0.15,0.28,1.32,0.019,0.005,0.077,0.053,0.008,0.08,0.07,0.017,0.0066,0.0,450,490,27,74,375
0.15,0.28,1.32,0.019,0.005,0.077,0.053,0.008,0.08,0.07,0.017,0.0066,0.0,500,410,24,79,303
0.15,0.28,1.32,0.019,0.005,0.077,0.053,0.008,0.08,0.07,0.017,0.0066,0.0,550,363,32,80,264
0.15,0.28,1.32,0.019,0.005,0.077,0.053,0.008,0.08,0.07,0.017,0.0066,0.0,600,288,28,80,189
0.16,0.28,1.14,0.017,0.016,0.33,0.24,0.08,0.13,0.0,0.015,0.0067,0.0,27,692,21,68,590
0.16,0.28,1.14,0.017,0.016,0.33,0.24,0.08,0.13,0.0,0.015,0.0067,0.0,100,682,17,66,591
0.16,0.28,1.14,0.017,0.016,0.33,0.24,0.08,0.13,0.0,0.015,0.0067,0.0,200,670,17,64,570
0.16,0.28,1.14,0.017,0.016,0.33,0.24,0.08,0.13,0.0,0.015,0.0067,0.0,300,701,21,61,566
0.16,0.28,1.14,0.017,0.016,0.33,0.24,0.08,0.13,0.0,0.015,0.0067,0.0,350,659,23,66,526
0.16,0.28,1.14,0.017,0.016,0.33,0.24,0.08,0.13,0.0,0.015,0.0067,0.0,400,600,23,72,530
0.16,0.28,1.14,0.017,0.016,0.33,0.24,0.08,0.13,0.0,0.015,0.0067,0.0,450,543,20,76,467
0.16,0.28,1.14,0.017,0.016,0.33,0.24,0.08,0.13,0.0,0.015,0.0067,0.0,500,476,22,75,403
0.16,0.28,1.14,0.017,0.016,0.33,0.24,0.08,0.13,0.0,0.015,0.0067,0.0,550,387,20,68,288
0.16,0.28,1.14,0.017,0.016,0.33,0.24,0.08,0.13,0.0,0.015,0.0067,0.0,600,316,31,45,186
0.16,0.48,1.21,0.017,0.009,0.02,0.02,0.1,0.02,0.05,0.04,0.0028,0.0,27,698,20,71,574
0.16,0.48,1.21,0.017,0.009,0.02,0.02,0.1,0.02,0.05,0.04,0.0028,0.0,100,637,20,71,512
0.16,0.48,1.21,0.017,0.009,0.02,0.02,0.1,0.02,0.05,0.04,0.0028,0.0,200,641,19,70,513
0.16,0.48,1.21,0.017,0.009,0.02,0.02,0.1,0.02,0.05,0.04,0.0028,0.0,300,649,21,73,486
0.16,0.48,1.21,0.017,0.009,0.02,0.02,0.1,0.02,0.05,0.04,0.0028,0.0,350,630,23,78,461
0.16,0.48,1.21,0.017,0.009,0.02,0.02,0.1,0.02,0.05,0.04,0.0028,0.0,400,567,24,82,431
0.16,0.48,1.21,0.017,0.009,0.02,0.02,0.1,0.02,0.05,0.04,0.0028,0.0,450,535,23,82,424
0.16,0.48,1.21,0.017,0.009,0.02,0.02,0.1,0.02,0.05,0.04,0.0028,0.0,500,466,22,87,380
0.16,0.48,1.21,0.017,0.009,0.02,0.02,0.1,0.02,0.05,0.04,0.0028,0.0,550,412,25,88,326
0.16,0.48,1.21,0.017,0.009,0.02,0.02,0.1,0.02,0.05,0.04,0.0028,0.0,600,338,27,86,252
0.13,0.33,1.23,0.014,0.015,0.44,0.04,0.076,0.04,0.04,0.032,0.0074,0.0,27,629,24,71,515
0.13,0.33,1.23,0.014,0.015,0.44,0.04,0.076,0.04,0.04,0.032,0.0074,0.0,100,592,21,70,500
0.13,0.33,1.23,0.014,0.015,0.44,0.04,0.076,0.04,0.04,0.032,0.0074,0.0,200,589,21,69,473
0.13,0.33,1.23,0.014,0.015,0.44,0.04,0.076,0.04,0.04,0.032,0.0074,0.0,300,624,24,68,459
0.13,0.33,1.23,0.014,0.015,0.44,0.04,0.076,0.04,0.04,0.032,0.0074,0.0,350,595,26,72,446
0.13,0.33,1.23,0.014,0.015,0.44,0.04,0.076,0.04,0.04,0.032,0.0074,0.0,400,530,25,75,399
0.13,0.33,1.23,0.014,0.015,0.44,0.04,0.076,0.04,0.04,0.032,0.0074,0.0,450,487,26,81,395
0.13,0.33,1.23,0.014,0.015,0.44,0.04,0.076,0.04,0.04,0.032,0.0074,0.0,500,430,29,85,368
0.13,0.33,1.23,0.014,0.015,0.44,0.04,0.076,0.04,0.04,0.032,0.0074,0.0,550,367,33,84,298
0.13,0.33,1.23,0.014,0.015,0.44,0.04,0.076,0.04,0.04,0.032,0.0074,0.0,600,300,37,82,218
0.14,0.3,1.09,0.008,0.015,0.39,0.12,0.09,0.17,0.0,0.032,0.0098,0.0,27,578,25,71,451
0.14,0.3,1.09,0.008,0.015,0.39,0.12,0.09,0.17,0.0,0.032,0.0098,0.0,100,534,23,72,424
0.14,0.3,1.09,0.008,0.015,0.39,0.12,0.09,0.17,0.0,0.032,0.0098,0.0,200,533,21,68,411
0.14,0.3,1.09,0.008,0.015,0.39,0.12,0.09,0.17,0.0,0.032,0.0098,0.0,300,571,24,62,396
0.14,0.3,1.09,0.008,0.015,0.39,0.12,0.09,0.17,0.0,0.032,0.0098,0.0,350,551,29,70,397
0.14,0.3,1.09,0.008,0.015,0.39,0.12,0.09,0.17,0.0,0.032,0.0098,0.0,400,490,27,72,351
0.14,0.3,1.09,0.008,0.015,0.39,0.12,0.09,0.17,0.0,0.032,0.0098,0.0,450,432,27,73,342
0.14,0.3,1.09,0.008,0.015,0.39,0.12,0.09,0.17,0.0,0.032,0.0098,0.0,500,380,25,76,300
0.14,0.3,1.09,0.008,0.015,0.39,0.12,0.09,0.17,0.0,0.032,0.0098,0.0,550,321,35,78,248
0.14,0.3,1.09,0.008,0.015,0.39,0.12,0.09,0.17,0.0,0.032,0.0098,0.0,600,269,39,74,189
0.14,0.21,1.29,0.016,0.008,0.21,0.02,0.06,0.09,0.03,0.021,0.0065,0.0,27,604,20,70,476
0.14,0.21,1.29,0.016,0.008,0.21,0.02,0.06,0.09,0.03,0.021,0.0065,0.0,100,572,19,69,456
0.14,0.21,1.29,0.016,0.008,0.21,0.02,0.06,0.09,0.03,0.021,0.0065,0.0,200,578,19,66,443
0.14,0.21,1.29,0.016,0.008,0.21,0.02,0.06,0.09,0.03,0.021,0.0065,0.0,300,602,18,62,432
0.14,0.21,1.29,0.016,0.008,0.21,0.02,0.06,0.09,0.03,0.021,0.0065,0.0,350,582,21,66,409
0.14,0.21,1.29,0.016,0.008,0.21,0.02,0.06,0.09,0.03,0.021,0.0065,0.0,400,548,25,71,422
0.14,0.21,1.29,0.016,0.008,0.21,0.02,0.06,0.09,0.03,0.021,0.0065,0.0,450,495,27,74,403
0.14,0.21,1.29,0.016,0.008,0.21,0.02,0.06,0.09,0.03,0.021,0.0065,0.0,500,433,26,77,357
0.14,0.21,1.29,0.016,0.008,0.21,0.02,0.06,0.09,0.03,0.021,0.0065,0.0,550,374,31,80,299
0.14,0.21,1.29,0.016,0.008,0.21,0.02,0.06,0.09,0.03,0.021,0.0065,0.0,600,310,37,81,230
0.148,0.49,1.27,0.03,0.005,0.04,0.19,0.02,0.03,0.07,0.036,0.0065,0.0,27,612,25,79,514
0.148,0.49,1.27,0.03,0.005,0.04,0.19,0.02,0.03,0.07,0.036,0.0065,0.0,100,593,22,77,497
0.148,0.49,1.27,0.03,0.005,0.04,0.19,0.02,0.03,0.07,0.036,0.0065,0.0,200,599,20,76,511
0.148,0.49,1.27,0.03,0.005,0.04,0.19,0.02,0.03,0.07,0.036,0.0065,0.0,300,618,24,71,451
0.148,0.49,1.27,0.03,0.005,0.04,0.19,0.02,0.03,0.07,0.036,0.0065,0.0,350,602,26,76,459
0.148,0.49,1.27,0.03,0.005,0.04,0.19,0.02,0.03,0.07,0.036,0.0065,0.0,400,544,28,82,415
0.148,0.49,1.27,0.03,0.005,0.04,0.19,0.02,0.03,0.07,0.036,0.0065,0.0,450,491,30,84,388
0.148,0.49,1.27,0.03,0.005,0.04,0.19,0.02,0.03,0.07,0.036,0.0065,0.0,500,409,34,90,328
0.148,0.49,1.27,0.03,0.005,0.04,0.19,0.02,0.03,0.07,0.036,0.0065,0.0,550,333,36,90,249
0.148,0.49,1.27,0.03,0.005,0.04,0.19,0.02,0.03,0.07,0.036,0.0065,0.0,600,282,47,89,190
0.17,0.52,1.27,0.017,0.015,0.02,0.02,0.1,0.02,0.05,0.049,0.0026,0.0,27,736,19,70,623
0.17,0.52,1.27,0.017,0.015,0.02,0.02,0.1,0.02,0.05,0.049,0.0026,0.0,100,736,18,69,637
0.17,0.52,1.27,0.017,0.015,0.02,0.02,0.1,0.02,0.05,0.049,0.0026,0.0,200,712,18,67,594
0.17,0.52,1.27,0.017,0.015,0.02,0.02,0.1,0.02,0.05,0.049,0.0026,0.0,300,711,19,69,573
0.17,0.52,1.27,0.017,0.015,0.02,0.02,0.1,0.02,0.05,0.049,0.0026,0.0,350,660,20,76,517
0.17,0.52,1.27,0.017,0.015,0.02,0.02,0.1,0.02,0.05,0.049,0.0026,0.0,400,630,22,80,500
0.17,0.52,1.27,0.017,0.015,0.02,0.02,0.1,0.02,0.05,0.049,0.0026,0.0,450,576,19,81,483
0.17,0.52,1.27,0.017,0.015,0.02,0.02,0.1,0.02,0.05,0.049,0.0026,0.0,500,536,17,86,452
0.17,0.52,1.27,0.017,0.015,0.02,0.02,0.1,0.02,0.05,0.049,0.0026,0.0,550,464,22,87,368
0.17,0.52,1.27,0.017,0.015,0.02,0.02,0.1,0.02,0.05,0.049,0.0026,0.0,600,366,27,85,247
0.12,0.33,1.37,0.016,0.012,0.19,0.03,0.01,0.03,0.08,0.042,0.007,0.0,27,676,23,70,666
0.12,0.33,1.37,0.016,0.012,0.19,0.03,0.01,0.03,0.08,0.042,0.007,0.0,100,647,21,68,541
0.12,0.33,1.37,0.016,0.012,0.19,0.03,0.01,0.03,0.08,0.042,0.007,0.0,200,630,19,68,507
0.12,0.33,1.37,0.016,0.012,0.19,0.03,0.01,0.03,0.08,0.042,0.007,0.0,300,660,22,65,491
0.12,0.33,1.37,0.016,0.012,0.19,0.03,0.01,0.03,0.08,0.042,0.007,0.0,350,630,28,75,467
0.12,0.33,1.37,0.016,0.012,0.19,0.03,0.01,0.03,0.08,0.042,0.007,0.0,400,580,26,77,450
0.12,0.33,1.37,0.016,0.012,0.19,0.03,0.01,0.03,0.08,0.042,0.007,0.0,450,517,28,79,409
0.12,0.33,1.37,0.016,0.012,0.19,0.03,0.01,0.03,0.08,0.042,0.007,0.0,500,452,27,85,361
0.12,0.33,1.37,0.016,0.012,0.19,0.03,0.01,0.03,0.08,0.042,0.007,0.0,550,382,30,82,281
0.12,0.33,1.37,0.016,0.012,0.19,0.03,0.01,0.03,0.08,0.042,0.007,0.0,600,311,50,79,206
0.13,0.34,1.23,0.012,0.016,0.46,0.03,0.072,0.02,0.042,0.035,0.0065,0.0,27,636,24,72,533
0.13,0.34,1.23,0.012,0.016,0.46,0.03,0.072,0.02,0.042,0.035,0.0065,0.0,100,612,19,69,510
0.13,0.34,1.23,0.012,0.016,0.46,0.03,0.072,0.02,0.042,0.035,0.0065,0.0,200,602,19,67,482
0.13,0.34,1.23,0.012,0.016,0.46,0.03,0.072,0.02,0.042,0.035,0.0065,0.0,300,636,22,64,464
0.13,0.34,1.23,0.012,0.016,0.46,0.03,0.072,0.02,0.042,0.035,0.0065,0.0,350,609,27,76,437
0.13,0.34,1.23,0.012,0.016,0.46,0.03,0.072,0.02,0.042,0.035,0.0065,0.0,400,566,25,77,447
0.13,0.34,1.23,0.012,0.016,0.46,0.03,0.072,0.02,0.042,0.035,0.0065,0.0,450,496,26,83,396
0.13,0.34,1.23,0.012,0.016,0.46,0.03,0.072,0.02,0.042,0.035,0.0065,0.0,500,436,29,86,359
0.13,0.34,1.23,0.012,0.016,0.46,0.03,0.072,0.02,0.042,0.035,0.0065,0.0,550,376,33,85,301
0.13,0.34,1.23,0.012,0.016,0.46,0.03,0.072,0.02,0.042,0.035,0.0065,0.0,600,312,38,82,217
0.12,0.37,1.32,0.012,0.012,0.22,0.03,0.07,0.07,0.04,0.03,0.0064,0.0,27,571,28,75,455
0.12,0.37,1.32,0.012,0.012,0.22,0.03,0.07,0.07,0.04,0.03,0.0064,0.0,100,533,26,75,426
0.12,0.37,1.32,0.012,0.012,0.22,0.03,0.07,0.07,0.04,0.03,0.0064,0.0,200,530,23,72,394
0.12,0.37,1.32,0.012,0.012,0.22,0.03,0.07,0.07,0.04,0.03,0.0064,0.0,300,571,25,68,372
0.12,0.37,1.32,0.012,0.012,0.22,0.03,0.07,0.07,0.04,0.03,0.0064,0.0,350,562,30,74,357
0.12,0.37,1.32,0.012,0.012,0.22,0.03,0.07,0.07,0.04,0.03,0.0064,0.0,400,509,30,76,341
0.12,0.37,1.32,0.012,0.012,0.22,0.03,0.07,0.07,0.04,0.03,0.0064,0.0,450,450,32,78,321
0.12,0.37,1.32,0.012,0.012,0.22,0.03,0.07,0.07,0.04,0.03,0.0064,0.0,500,389,32,83,293
0.12,0.37,1.32,0.012,0.012,0.22,0.03,0.07,0.07,0.04,0.03,0.0064,0.0,550,326,39,85,244
0.12,0.37,1.32,0.012,0.012,0.22,0.03,0.07,0.07,0.04,0.03,0.0064,0.0,600,258,51,82,185
0.16,0.29,1.42,0.013,0.006,0.041,0.054,0.011,0.08,0.079,0.006,0.0048,0.0,27,630,24,72,501
0.16,0.29,1.42,0.013,0.006,0.041,0.054,0.011,0.08,0.079,0.006,0.0048,0.0,100,642,20,71,513
0.16,0.29,1.42,0.013,0.006,0.041,0.054,0.011,0.08,0.079,0.006,0.0048,0.0,200,636,20,70,482
0.16,0.29,1.42,0.013,0.006,0.041,0.054,0.011,0.08,0.079,0.006,0.0048,0.0,300,614,25,73,408
0.16,0.29,1.42,0.013,0.006,0.041,0.054,0.011,0.08,0.079,0.006,0.0048,0.0,350,623,25,75,451
0.16,0.29,1.42,0.013,0.006,0.041,0.054,0.011,0.08,0.079,0.006,0.0048,0.0,400,551,24,78,422
0.16,0.29,1.42,0.013,0.006,0.041,0.054,0.011,0.08,0.079,0.006,0.0048,0.0,450,505,27,81,388
0.16,0.29,1.42,0.013,0.006,0.041,0.054,0.011,0.08,0.079,0.006,0.0048,0.0,500,408,33,87,303
0.16,0.29,1.42,0.013,0.006,0.041,0.054,0.011,0.08,0.079,0.006,0.0048,0.0,550,343,27,89,251
0.16,0.29,1.42,0.013,0.006,0.041,0.054,0.011,0.08,0.079,0.006,0.0048,0.0,600,290,40,91,191
0.123,0.44,1.19,0.021,0.006,0.05,0.2,0.02,0.03,0.07,0.04,0.006,0.0,27,630,24,77,530
0.123,0.44,1.19,0.021,0.006,0.05,0.2,0.02,0.03,0.07,0.04,0.006,0.0,100,578,22,77,486
0.123,0.44,1.19,0.021,0.006,0.05,0.2,0.02,0.03,0.07,0.04,0.006,0.0,200,570,21,77,465
0.123,0.44,1.19,0.021,0.006,0.05,0.2,0.02,0.03,0.07,0.04,0.006,0.0,300,664,23,71,511
0.123,0.44,1.19,0.021,0.006,0.05,0.2,0.02,0.03,0.07,0.04,0.006,0.0,350,598,29,81,451
0.123,0.44,1.19,0.021,0.006,0.05,0.2,0.02,0.03,0.07,0.04,0.006,0.0,400,576,24,81,459
0.123,0.44,1.19,0.021,0.006,0.05,0.2,0.02,0.03,0.07,0.04,0.006,0.0,450,475,31,84,383
0.123,0.44,1.19,0.021,0.006,0.05,0.2,0.02,0.03,0.07,0.04,0.006,0.0,500,424,31,90,338
0.123,0.44,1.19,0.021,0.006,0.05,0.2,0.02,0.03,0.07,0.04,0.006,0.0,550,364,39,90,276
0.123,0.44,1.19,0.021,0.006,0.05,0.2,0.02,0.03,0.07,0.04,0.006,0.0,600,317,51,87,206
0.14,0.38,1.24,0.014,0.014,0.43,0.03,0.084,0.05,0.043,0.04,0.0066,0.0,27,648,24,72,539
0.14,0.38,1.24,0.014,0.014,0.43,0.03,0.084,0.05,0.043,0.04,0.0066,0.0,100,614,20,71,508
0.14,0.38,1.24,0.014,0.014,0.43,0.03,0.084,0.05,0.043,0.04,0.0066,0.0,200,609,19,70,497
0.14,0.38,1.24,0.014,0.014,0.43,0.03,0.084,0.05,0.043,0.04,0.0066,0.0,300,637,21,68,471
0.14,0.38,1.24,0.014,0.014,0.43,0.03,0.084,0.05,0.043,0.04,0.0066,0.0,350,609,25,75,447
0.14,0.38,1.24,0.014,0.014,0.43,0.03,0.084,0.05,0.043,0.04,0.0066,0.0,400,559,26,78,438
0.14,0.38,1.24,0.014,0.014,0.43,0.03,0.084,0.05,0.043,0.04,0.0066,0.0,450,503,23,79,403
0.14,0.38,1.24,0.014,0.014,0.43,0.03,0.084,0.05,0.043,0.04,0.0066,0.0,500,441,24,85,362
0.14,0.38,1.24,0.014,0.014,0.43,0.03,0.084,0.05,0.043,0.04,0.0066,0.0,550,378,25,85,313
0.14,0.38,1.24,0.014,0.014,0.43,0.03,0.084,0.05,0.043,0.04,0.0066,0.0,600,313,39,83,229
0.14,0.33,1.45,0.025,0.012,0.18,0.03,0.01,0.02,0.06,0.05,0.0051,0.0,27,660,22,71,513
0.14,0.33,1.45,0.025,0.012,0.18,0.03,0.01,0.02,0.06,0.05,0.0051,0.0,100,625,20,69,521
0.14,0.33,1.45,0.025,0.012,0.18,0.03,0.01,0.02,0.06,0.05,0.0051,0.0,200,616,20,65,500
0.14,0.33,1.45,0.025,0.012,0.18,0.03,0.01,0.02,0.06,0.05,0.0051,0.0,300,655,21,64,488
0.14,0.33,1.45,0.025,0.012,0.18,0.03,0.01,0.02,0.06,0.05,0.0051,0.0,350,630,25,71,469
0.14,0.33,1.45,0.025,0.012,0.18,0.03,0.01,0.02,0.06,0.05,0.0051,0.0,400,570,26,76,437
0.14,0.33,1.45,0.025,0.012,0.18,0.03,0.01,0.02,0.06,0.05,0.0051,0.0,450,509,27,82,402
0.14,0.33,1.45,0.025,0.012,0.18,0.03,0.01,0.02,0.06,0.05,0.0051,0.0,500,444,36,88,345
0.14,0.33,1.45,0.025,0.012,0.18,0.03,0.01,0.02,0.06,0.05,0.0051,0.0,550,367,36,89,278
0.14,0.33,1.45,0.025,0.012,0.18,0.03,0.01,0.02,0.06,0.05,0.0051,0.0,600,299,54,88,193
0.15,0.25,1.38,0.014,0.006,0.04,0.041,0.006,0.08,0.088,0.015,0.0076,0.0,27,618,23,71,483
0.15,0.25,1.38,0.014,0.006,0.04,0.041,0.006,0.08,0.088,0.015,0.0076,0.0,100,586,24,71,468
0.15,0.25,1.38,0.014,0.006,0.04,0.041,0.006,0.08,0.088,0.015,0.0076,0.0,200,585,22,68,411
0.15,0.25,1.38,0.014,0.006,0.04,0.041,0.006,0.08,0.088,0.015,0.0076,0.0,300,583,20,67,399
0.15,0.25,1.38,0.014,0.006,0.04,0.041,0.006,0.08,0.088,0.015,0.0076,0.0,350,573,24,68,395
0.15,0.25,1.38,0.014,0.006,0.04,0.041,0.006,0.08,0.088,0.015,0.0076,0.0,400,517,24,72,360
0.15,0.25,1.38,0.014,0.006,0.04,0.041,0.006,0.08,0.088,0.015,0.0076,0.0,450,442,28,75,312
0.15,0.25,1.38,0.014,0.006,0.04,0.041,0.006,0.08,0.088,0.015,0.0076,0.0,500,378,39,79,265
0.15,0.25,1.38,0.014,0.006,0.04,0.041,0.006,0.08,0.088,0.015,0.0076,0.0,550,330,39,78,229
0.15,0.25,1.38,0.014,0.006,0.04,0.041,0.006,0.08,0.088,0.015,0.0076,0.0,600,270,31,77,185
0.143,0.5,1.2,0.03,0.007,0.06,0.17,0.02,0.02,0.07,0.029,0.0068,0.0,27,601,27,77,488
0.143,0.5,1.2,0.03,0.007,0.06,0.17,0.02,0.02,0.07,0.029,0.0068,0.0,100,569,24,78,463
0.143,0.5,1.2,0.03,0.007,0.06,0.17,0.02,0.02,0.07,0.029,0.0068,0.0,200,585,22,72,445
0.143,0.5,1.2,0.03,0.007,0.06,0.17,0.02,0.02,0.07,0.029,0.0068,0.0,300,604,25,74,425
0.143,0.5,1.2,0.03,0.007,0.06,0.17,0.02,0.02,0.07,0.029,0.0068,0.0,350,599,28,76,420
0.143,0.5,1.2,0.03,0.007,0.06,0.17,0.02,0.02,0.07,0.029,0.0068,0.0,400,530,30,82,407
0.143,0.5,1.2,0.03,0.007,0.06,0.17,0.02,0.02,0.07,0.029,0.0068,0.0,450,468,32,84,356
0.143,0.5,1.2,0.03,0.007,0.06,0.17,0.02,0.02,0.07,0.029,0.0068,0.0,500,416,38,89,328
0.143,0.5,1.2,0.03,0.007,0.06,0.17,0.02,0.02,0.07,0.029,0.0068,0.0,550,328,46,91,256
0.143,0.5,1.2,0.03,0.007,0.06,0.17,0.02,0.02,0.07,0.029,0.0068,0.0,600,279,54,91,193
0.17,0.49,1.26,0.013,0.01,0.01,0.02,0.09,0.02,0.04,0.045,0.0025,0.0,27,672,22,71,537
0.17,0.49,1.26,0.013,0.01,0.01,0.02,0.09,0.02,0.04,0.045,0.0025,0.0,100,640,19,69,508
0.17,0.49,1.26,0.013,0.01,0.01,0.02,0.09,0.02,0.04,0.045,0.0025,0.0,200,666,18,68,532
0.17,0.49,1.26,0.013,0.01,0.01,0.02,0.09,0.02,0.04,0.045,0.0025,0.0,300,634,21,70,461
0.17,0.49,1.26,0.013,0.01,0.01,0.02,0.09,0.02,0.04,0.045,0.0025,0.0,350,632,26,80,465
0.17,0.49,1.26,0.013,0.01,0.01,0.02,0.09,0.02,0.04,0.045,0.0025,0.0,400,566,28,83,413
0.17,0.49,1.26,0.013,0.01,0.01,0.02,0.09,0.02,0.04,0.045,0.0025,0.0,450,519,24,83,411
0.17,0.49,1.26,0.013,0.01,0.01,0.02,0.09,0.02,0.04,0.045,0.0025,0.0,500,478,25,88,394
0.17,0.49,1.26,0.013,0.01,0.01,0.02,0.09,0.02,0.04,0.045,0.0025,0.0,550,415,24,87,335
0.17,0.49,1.26,0.013,0.01,0.01,0.02,0.09,0.02,0.04,0.045,0.0025,0.0,600,330,37,84,234
0.13,0.42,1.28,0.014,0.012,0.21,0.22,0.05,0.04,0.03,0.037,0.0072,0.0,27,603,27,76,476
0.13,0.42,1.28,0.014,0.012,0.21,0.22,0.05,0.04,0.03,0.037,0.0072,0.0,100,567,24,76,451
0.13,0.42,1.28,0.014,0.012,0.21,0.22,0.05,0.04,0.03,0.037,0.0072,0.0,200,569,24,74,426
0.13,0.42,1.28,0.014,0.012,0.21,0.22,0.05,0.04,0.03,0.037,0.0072,0.0,300,607,27,70,410
0.13,0.42,1.28,0.014,0.012,0.21,0.22,0.05,0.04,0.03,0.037,0.0072,0.0,350,580,29,75,391
0.13,0.42,1.28,0.014,0.012,0.21,0.22,0.05,0.04,0.03,0.037,0.0072,0.0,400,532,29,79,378
0.13,0.42,1.28,0.014,0.012,0.21,0.22,0.05,0.04,0.03,0.037,0.0072,0.0,450,473,30,82,359
0.13,0.42,1.28,0.014,0.012,0.21,0.22,0.05,0.04,0.03,0.037,0.0072,0.0,500,405,32,85,325
0.13,0.42,1.28,0.014,0.012,0.21,0.22,0.05,0.04,0.03,0.037,0.0072,0.0,550,341,38,84,253
0.13,0.42,1.28,0.014,0.012,0.21,0.22,0.05,0.04,0.03,0.037,0.0072,0.0,600,276,50,78,193
0.16,0.41,1.48,0.014,0.01,0.02,0.02,0.01,0.03,0.08,0.033,0.0079,0.0,27,693,20,62,577
0.16,0.41,1.48,0.014,0.01,0.02,0.02,0.01,0.03,0.08,0.033,0.0079,0.0,100,663,17,60,546
0.16,0.41,1.48,0.014,0.01,0.02,0.02,0.01,0.03,0.08,0.033,0.0079,0.0,200,679,18,60,542
0.16,0.41,1.48,0.014,0.01,0.02,0.02,0.01,0.03,0.08,0.033,0.0079,0.0,300,664,18,59,483
0.16,0.41,1.48,0.014,0.01,0.02,0.02,0.01,0.03,0.08,0.033,0.0079,0.0,350,655,25,66,487
0.16,0.41,1.48,0.014,0.01,0.02,0.02,0.01,0.03,0.08,0.033,0.0079,0.0,400,583,24,71,452
0.16,0.41,1.48,0.014,0.01,0.02,0.02,0.01,0.03,0.08,0.033,0.0079,0.0,450,513,25,78,404
0.16,0.41,1.48,0.014,0.01,0.02,0.02,0.01,0.03,0.08,0.033,0.0079,0.0,500,450,31,83,360
0.16,0.41,1.48,0.014,0.01,0.02,0.02,0.01,0.03,0.08,0.033,0.0079,0.0,600,313,30,77,198
0.23,0.23,1.23,0.027,0.012,0.03,0.04,0.017,0.01,0.009,0.003,0.0111,0.0017,27,578,27,70,359
0.23,0.23,1.23,0.027,0.012,0.03,0.04,0.017,0.01,0.009,0.003,0.0111,0.0017,100,558,20,65,371
0.23,0.23,1.23,0.027,0.012,0.03,0.04,0.017,0.01,0.009,0.003,0.0111,0.0017,150,651,16,51,367
0.23,0.23,1.23,0.027,0.012,0.03,0.04,0.017,0.01,0.009,0.003,0.0111,0.0017,200,690,17,45,358
0.23,0.23,1.23,0.027,0.012,0.03,0.04,0.017,0.01,0.009,0.003,0.0111,0.0017,250,696,22,49,305
0.23,0.23,1.23,0.027,0.012,0.03,0.04,0.017,0.01,0.009,0.003,0.0111,0.0017,300,677,27,59,290
0.23,0.23,1.23,0.027,0.012,0.03,0.04,0.017,0.01,0.009,0.003,0.0111,0.0017,350,627,30,65,258
0.23,0.23,1.23,0.027,0.012,0.03,0.04,0.017,0.01,0.009,0.003,0.0111,0.0017,400,572,29,67,243
0.23,0.23,1.23,0.027,0.012,0.03,0.04,0.017,0.01,0.009,0.003,0.0111,0.0017,450,498,30,72,240
0.23,0.23,1.23,0.027,0.012,0.03,0.04,0.017,0.01,0.009,0.003,0.0111,0.0017,500,416,33,79,181
0.23,0.23,1.23,0.027,0.012,0.03,0.04,0.017,0.01,0.009,0.003,0.0111,0.0017,550,320,40,86,203
0.22,0.22,1.24,0.021,0.008,0.03,0.05,0.017,0.01,0.005,0.005,0.0116,0.0017,27,580,28,70,382
0.22,0.22,1.24,0.021,0.008,0.03,0.05,0.017,0.01,0.005,0.005,0.0116,0.0017,100,561,22,66,381
0.22,0.22,1.24,0.021,0.008,0.03,0.05,0.017,0.01,0.005,0.005,0.0116,0.0017,150,650,18,49,372
0.22,0.22,1.24,0.021,0.008,0.03,0.05,0.017,0.01,0.005,0.005,0.0116,0.0017,200,705,16,47,396
0.22,0.22,1.24,0.021,0.008,0.03,0.05,0.017,0.01,0.005,0.005,0.0116,0.0017,250,710,22,48,326
0.22,0.22,1.24,0.021,0.008,0.03,0.05,0.017,0.01,0.005,0.005,0.0116,0.0017,300,682,27,56,282
0.22,0.22,1.24,0.021,0.008,0.03,0.05,0.017,0.01,0.005,0.005,0.0116,0.0017,350,632,28,65,268
0.22,0.22,1.24,0.021,0.008,0.03,0.05,0.017,0.01,0.005,0.005,0.0116,0.0017,400,575,28,68,244
0.22,0.22,1.24,0.021,0.008,0.03,0.05,0.017,0.01,0.005,0.005,0.0116,0.0017,450,500,29,72,224
0.22,0.22,1.24,0.021,0.008,0.03,0.05,0.017,0.01,0.005,0.005,0.0116,0.0017,500,428,30,78,209
0.22,0.22,1.24,0.021,0.008,0.03,0.05,0.017,0.01,0.005,0.005,0.0116,0.0017,550,328,40,86,200
